10022462	49	7	31	71
100265022	30	1	18	27
100269119	119	19	112	187
100281477	84	0	8	26
100367912	0	0	0	0
100768045	10	0	6	6
100849426	11	0	0	0
100941685	2	1	2	2
101075963	345	12	136	229
101171430	100	4	42	57
101277949	466	8	24	62
101451923	383	0	3	3
101517782	430	22	143	448
10166032	154	5	47	118
10172672	277	13	156	252
102078730	80	0	5	6
10218082	1	0	1	2
102292896	534	17	160	409
102503301	136	4	50	81
1026101	720	10	37	113
102650772	2	1	2	2
102661320	39	1	20	22
102726447	314	6	78	98
102774892	330	22	169	580
10296862	26	1	4	4
103062640	34	0	18	34
103090275	237	2	71	134
103304342	24	2	28	29
103542698	1174	1	4	17
103645711	205	29	126	169
103707698	0	0	0	0
103747243	29	3	3	8
103785011	2	0	0	0
103796971	0	0	0	0
103837737	19	0	0	0
104039768	989	18	127	404
104071979	0	0	0	0
104077681	993	3	123	276
104096619	84	0	7	17
10420312	93	22	58	92
104204377	240	24	107	275
104385716	0	0	0	0
104458198	39	3	34	39
104539552	294	14	201	327
104549656	54	3	44	61
10506872	1619	192	483	2387
10534892	432	28	243	456
10536972	67	3	22	26
105996925	19	0	9	15
105998371	0	0	0	0
106067454	1	0	1	1
106267790	126	9	23	43
106502459	33	2	20	31
106631177	835	105	208	678
106631978	1208	24	520	955
106701130	3	1	1	1
106742271	16	2	12	22
106950998	19	1	8	9
10706952	66	1	12	44
10710692	521	10	142	211
107190661	0	0	0	0
107219551	44	0	7	13
107296266	55	4	26	28
107299913	98	4	13	27
107338177	0	0	0	0
10744202	161	8	110	198
1079661	2	0	0	0
108080972	38	1	13	23
108197314	9	0	2	3
108211425	0	0	0	0
108211511	74	0	4	5
108338186	525	25	96	146
10841252	972	66	316	833
108516720	168	1	27	43
108559254	6	0	2	2
108563925	0	0	0	0
1086101	2130	153	641	2809
10862342	2061	53	410	1565
108647266	463	40	182	475
108870395	0	0	0	0
10887832	8	0	4	6
108918167	506	1	29	72
109087434	295	27	90	172
109094774	1077	38	168	456
10911002	207	9	167	201
109124705	77	2	23	31
10913242	377	52	179	300
109191514	0	0	0	0
109468483	62	1	13	45
109632469	401	8	69	122
109652113	57	3	36	48
109706671	80	9	20	28
110088394	23	0	4	24
110261532	72	9	38	57
110325571	2096	25	635	1600
110498512	0	0	0	0
110537461	105	18	65	92
11055812	100	2	83	111
110575701	392	25	263	402
110605798	74	1	15	20
110693926	19	0	0	0
110890366	1	0	0	0
110905886	62	5	73	108
110922862	0	0	0	0
11093342	494	4	27	46
110954187	146	12	14	49
111054282	41	4	27	39
111182924	1257	10	271	872
11123872	358	26	64	137
111312520	62	1	24	50
111574280	956	56	281	702
111575853	74	8	48	67
111583084	11	1	5	5
111587726	1	0	0	0
11169892	305	17	198	309
111869969	4	0	2	2
11207282	3199	27	1158	2580
11208532	174	28	94	167
112180953	264	5	19	78
112182892	102	7	58	100
112210929	647	18	288	785
11223742	505	47	122	216
112487105	84	0	9	9
112733590	521	1	10	12
11298572	481	6	107	189
113052680	0	0	0	0
113104608	1	1	1	1
113144177	83	0	1	83
113347285	267	19	151	209
113396323	98	0	2	2
113396907	517	28	186	554
113622896	192	5	81	126
113777257	7	0	2	2
113798559	2	0	0	0
11398052	620	5	60	90
11403932	168	19	97	166
114177854	2189	12	394	2709
114386765	0	0	0	0
114466988	0	0	0	0
114473088	315	16	124	333
11450652	0	0	0	0
114638268	238	38	73	153
114743853	7	0	4	4
114746629	768	13	218	880
114833646	11	0	5	5
11494612	376	56	216	428
114967430	15	0	6	8
115176197	532	25	126	455
115323499	304	4	33	188
115690006	0	0	0	0
11581022	873	15	232	499
115868364	11	1	5	7
116053257	0	0	0	0
11605502	66	6	47	85
116332535	4	0	0	0
11634522	874	18	276	946
116355106	617	26	65	307
116434130	21	0	0	0
116465394	40	0	1	1
116496371	18	3	6	9
116619493	0	0	0	0
11693962	231	25	106	222
117065239	4	0	1	1
117179221	0	0	0	0
117233490	47	4	28	47
11727442	323	26	168	403
117300217	114	1	9	45
11738212	213	4	191	243
117535970	121	2	32	66
117615437	770	3	82	279
117668287	27	0	2	3
117733	75	7	79	155
11773412	117	4	18	33
117892017	0	0	0	0
11799932	35	7	16	39
11811592	215	29	186	245
118132083	0	0	0	0
11821352	441	42	194	478
11823732	598	17	57	121
118324296	300	13	46	120
118367208	69	10	45	62
11837732	103	7	63	107
118443655	107	9	26	91
11880732	9	0	5	5
118951385	0	0	0	0
119003805	3	0	1	1
119124779	152	21	106	225
119461073	141	22	60	107
119557246	175	10	21	66
11974322	242	6	112	185
119808124	53	3	19	47
12023932	571	30	105	416
12028722	24	1	19	20
120453376	0	0	0	0
120521974	615	29	536	706
120599683	551	5	100	192
120816085	123	2	7	7
121134265	248	0	9	25
121140787	0	0	0	0
12121932	3	0	0	0
121279983	0	0	0	0
121318260	254	1	15	27
121375698	112	5	11	15
121409963	1017	2	32	105
12141802	18	1	17	22
12149252	320	24	76	127
121569445	317	10	78	196
121639677	150	15	65	132
121681809	0	0	0	0
121977465	11	0	5	8
122101934	2	0	0	0
122229588	139	15	60	103
12233932	7	2	10	13
122353659	0	0	0	0
122391736	63	1	36	45
122447399	935	46	161	553
12263132	77	9	30	51
122690596	0	0	0	0
12273492	939	40	456	1049
12278172	974	37	171	618
122842533	2	0	0	0
123103861	1649	2	92	222
123350060	11	1	2	4
123432586	0	0	0	0
123450828	76	7	56	85
123618652	5	1	4	10
123648144	176	9	35	57
12403542	351	34	166	246
12408892	265	22	126	175
124777510	31	0	7	11
124937415	1470	40	572	1747
124950218	17	1	16	18
12520532	3221	7	152	248
125242052	0	0	0	0
125487834	0	0	0	0
125517232	5	0	0	0
12568812	26	9	20	34
125773125	0	0	0	0
125798159	211	21	59	176
12582962	332	19	61	102
12591872	891	54	390	806
125940398	0	0	0	0
125941544	5	1	1	2
125961100	1473	0	95	399
126090503	37	8	29	40
126120815	2020	51	192	489
126204700	129	1	56	105
126284853	0	0	0	0
126289281	20	2	4	17
126364673	25	2	10	22
126392395	142	6	67	120
12645502	350	20	109	217
126465458	191	12	78	114
126642817	100	11	52	82
126686350	1263	16	269	1194
12694432	487	36	231	383
1269531	0	0	0	0
12700312	71	1	14	20
127554142	1142	5	10	11
127556981	599	14	54	119
127632881	0	0	0	0
12789432	185	0	91	124
12793202	326	23	229	344
127963099	0	0	0	0
128287875	0	0	0	0
128542218	10	8	14	15
128563245	1	0	0	0
128599519	56	6	15	16
128953684	19	0	10	10
129154867	10	0	9	9
129259904	36	7	23	28
12958462	22	1	19	24
129618339	399	2	8	9
12963292	48	1	29	34
129790686	5	0	3	5
130135355	47	0	23	49
130198064	229	5	47	124
13023742	21	1	15	15
130322072	532	9	98	286
130423739	289	11	17	56
130629351	776	31	312	744
130682766	94	2	5	6
130716700	1	0	0	0
130744371	49	1	36	49
13083522	1531	131	541	1999
130940288	61	6	29	48
131049676	0	0	0	0
131182025	67	0	2	6
131331096	13	1	4	5
131368951	101	22	46	107
13137212	284	17	240	327
131421706	1	0	1	1
131460648	70	5	34	62
131579391	27	0	5	5
131649484	151	21	38	85
131654299	4	1	3	3
13165672	425	4	20	35
131757502	14	2	5	6
131783201	16	0	9	15
131798891	375	0	1	3
131804186	7	0	2	2
13192982	197	18	84	125
131989014	403	5	62	254
13221322	68	1	31	41
132317180	1668	39	475	1126
132359600	18	0	2	2
132467823	6	0	2	2
132498070	937	0	4	10
132508613	507	4	67	113
132516417	122	0	2	3
132536642	199	12	86	170
13261372	158	5	85	149
13267702	247	4	42	58
132691741	0	0	0	0
13273832	2819	99	779	2275
13279852	32	2	19	26
13295512	219	14	86	134
13308532	176	47	90	203
13311862	91	14	34	80
133225858	124	4	20	36
13322962	0	0	0	0
133450369	6	0	2	3
1338871	703	22	288	711
134278139	774	15	221	541
134339796	0	0	0	0
134356875	1280	8	89	1318
13436662	323	33	99	212
134521144	385	1	39	290
134562767	545	13	61	88
134572902	7	2	3	3
134638455	0	0	0	0
134700541	76	2	4	37
134712790	75	0	0	0
134776119	0	0	0	0
13482222	202	11	86	241
13485	116	14	63	112
134903775	548	4	91	559
135092022	2	0	0	0
135093658	0	0	0	0
135139248	637	1	30	41
135339449	13	3	12	14
135417691	162	2	94	130
135516180	173	1	31	46
135554457	79	6	14	35
135663413	75	3	29	61
135819296	23	0	0	0
13627002	655	7	324	769
136281631	793	70	254	459
136450694	11	1	1	1
136648547	10	0	4	9
136684571	0	0	0	0
13695292	472	9	137	444
137119893	66	13	46	83
137558637	2	0	0	0
137894802	0	0	0	0
137916453	4	1	4	6
137977245	791	11	18	107
138072661	36	0	0	0
138247551	109	9	34	43
138255474	12	0	0	0
13833	130	3	34	54
138415950	34	4	7	7
13849432	0	0	0	0
13858622	690	46	316	635
138729048	17	0	0	0
138884446	0	0	0	0
138924794	0	0	0	0
138925909	646	6	32	156
138957827	1	0	1	1
139074155	128	2	5	7
139141220	1	0	0	0
13922462	1019	64	242	745
139238056	605	10	151	309
139525129	0	0	0	0
139630342	0	0	0	0
13963332	29	0	6	7
139650289	0	0	0	0
139676714	7	0	3	4
140041648	406	4	10	18
14019612	1340	79	735	1712
14030902	214	7	123	152
140417450	31	0	4	8
140438543	268	6	79	123
14050372	419	19	78	386
14052313	28	3	22	36
14058954	65	3	30	31
140593329	0	0	0	0
14060543	72	8	13	36
14066952	616	44	208	477
14073458	0	0	0	0
14073593	18	4	16	27
14077003	90	1	14	54
14078878	0	0	0	0
14079313	218	4	63	101
14080387	5	0	1	1
14081731	672	19	255	391
14084484	750	13	54	186
14085582	844	103	268	1105
140882928	393	56	185	455
14089909	1329	46	470	1023
14091113	38	11	37	56
14097282	782	38	361	762
140994663	3204	28	270	558
14100717	1896	258	819	2820
14106168	15	0	0	0
14110253	130	11	87	112
14112420	183	33	78	163
14115555	96	6	53	68
14117232	328	19	171	293
14120543	435	13	81	151
14121589	32	0	3	4
14122453	258	1	23	230
14128432	157	18	109	133
14128649	298	25	214	318
14130688	2	0	2	2
14134032	183	6	104	151
14136883	665	29	183	612
14141432	1	1	2	2
14142645	48	3	21	45
14144296	21	0	10	10
14145031	279	1	161	249
14145412	69	3	37	44
14151724	49	6	13	24
14156011	275	5	115	370
141561588	15	0	0	0
14158243	17	0	5	5
14161357	60	2	23	28
14161555	1533	10	212	343
14163711	47	18	36	82
14165645	72	12	38	83
14167125	1190	14	404	791
14170810	36	1	7	11
14174116	22	3	14	18
14175127	15	0	4	11
141775564	33	1	16	18
14181199	1247	77	431	1007
141824522	32	3	10	19
14184677	227	15	147	244
141921386	104	1	11	37
14193258	366	10	92	362
14202819	18	2	11	20
14205099	560	26	319	713
14207972	133	12	78	151
14208535	358	13	199	258
14213141	716	31	640	1033
14215737	61	10	27	48
14216899	3	0	0	0
14219176	324	20	144	243
14220825	106	3	14	17
14221963	6	1	4	5
14227472	614	56	347	660
14231593	452	104	349	957
14232988	614	8	235	552
14235852	202	6	20	35
14236930	19	1	14	19
14238355	24	0	1	17
14240553	279	0	9	14
14241820	0	0	0	0
14247197	544	45	375	659
14249319	186	28	113	151
14252064	1781	97	295	838
142526052	1	0	0	0
14253692	750	43	408	741
142554056	159	8	12	26
14256214	155	8	67	95
14257102	68	6	47	67
142572604	894	25	467	811
14257644	77	4	22	42
14259997	32	7	18	25
142608903	15	1	5	12
14262929	8	0	1	2
142641077	54	6	11	18
14265620	42	1	7	8
14265681	5	1	1	3
14268495	15	0	4	4
14269865	671	50	419	730
14280658	414	1	4	5
14282710	36	15	44	59
14282899	340	10	39	99
142879712	0	0	0	0
14297612	16	1	15	19
143027480	75	6	22	29
14308384	147	5	57	88
14310371	161	0	31	47
14318305	49	1	37	51
14318328	987	44	377	880
14319005	110	17	69	89
14319990	395	28	179	379
14320246	1146	1	149	240
14325754	15	1	6	6
14325825	563	15	62	112
14329138	273	40	164	306
14342954	399	12	219	296
14343232	9	1	8	8
14343430	67	3	13	15
14344811	1230	98	560	1519
143453011	113	0	25	31
143459322	45	2	25	30
14346943	5	0	5	6
14348014	10	0	5	7
14348561	22	1	11	11
143494821	121	8	48	58
14351339	27	2	18	20
14361047	58	2	27	27
14361255	434	0	73	90
14361270	114	13	51	78
14363458	60	2	56	74
14365888	94	0	19	23
14367875	66	3	17	35
14373462	1148	34	270	1042
14378375	32	0	6	6
14381372	40	0	18	36
14384413	634	15	165	416
14397911	209	7	89	119
14413500	741	31	135	535
14414276	77	9	35	63
14421365	196	23	171	230
14426591	74	9	42	71
14428412	266	3	258	354
14430651	36	3	27	33
14438065	269	16	107	193
14438593	140	5	56	117
14438836	759	25	103	250
14438982	2	0	0	0
144423509	0	0	0	0
14443972	6	0	2	2
14445341	197	29	89	211
14448584	190	13	48	96
14453629	337	24	178	320
14454392	123	3	20	33
14461337	417	16	108	479
14461661	220	16	124	172
14461887	237	18	142	261
14467149	104	8	56	85
14472026	64	0	11	41
14475327	6	0	5	6
14475920	20	5	21	29
14478413	228	11	170	247
14479299	937	71	462	1144
14482104	46	4	41	55
14484208	90	0	70	82
144883991	201	6	104	175
14490154	611	11	195	350
14493887	49	2	33	42
144962346	1337	30	309	590
14498210	427	19	169	567
14499887	0	0	0	0
14505752	38	0	19	29
145079391	0	0	0	0
14510647	329	64	136	347
145132784	6	0	2	5
14516054	152	1	34	63
14517296	17	0	11	12
14520390	789	84	464	1204
145271777	0	0	0	0
14535018	797	28	259	647
145415203	0	0	0	0
14543325	5	0	5	7
14543625	53	6	31	52
14545989	121	0	114	122
14549950	262	14	48	111
145509546	0	0	0	0
145521273	0	0	0	0
14553498	473	9	27	53
14553588	785	39	157	347
14563802	0	0	0	0
14564002	573	8	189	471
14564039	0	0	0	0
14569391	203	24	162	238
145695528	20	0	4	12
14579315	54	1	30	42
14585972	124	9	74	81
14593035	284	17	142	316
14594312	525	4	210	383
14595456	7	1	6	7
14605289	1348	7	11	11
14607548	23	6	14	22
14608933	450	19	178	387
146103507	7	0	3	3
14619197	1	0	0	0
14623083	231	16	55	107
146304155	1209	17	371	801
1463211	103	10	79	108
14633147	54	5	54	103
14634732	286	18	65	152
146505968	230	4	19	70
14650644	1223	8	261	517
146614411	305	0	7	11
146666568	1379	18	102	229
146739222	4	0	2	3
14675398	36	1	3	4
14676437	387	3	8	12
14677632	29	4	19	31
14678053	299	16	99	163
146815606	0	0	0	0
14686254	532	9	82	212
14689715	170	12	117	249
14703770	1277	76	358	2182
14707288	30	3	20	27
147130654	11	0	3	5
147158155	1	0	0	0
14723834	299	0	3	3
14725405	222	2	7	9
14730862	831	71	341	1089
147309949	320	7	104	128
14731242	0	0	0	0
14731296	53	2	16	20
14735057	7	0	11	13
14745077	246	11	116	170
147501917	1	0	0	0
14751167	0	0	0	0
14759978	412	11	211	284
147635896	121	4	5	11
14765531	88	3	45	64
14768578	19	1	3	4
14774529	136	9	28	28
14787983	299	2	7	8
147979278	5	0	1	1
147985838	0	0	0	0
14803049	327	1	43	125
14803328	503	3	135	237
14803750	471	26	206	392
14815739	540	12	312	550
14818920	9	0	2	2
14820803	318	9	23	40
14824951	976	45	391	1243
148258612	1004	5	106	561
14839125	2	0	1	1
14840190	919	17	240	575
14840794	663	8	153	552
14847615	123	5	25	52
148519093	0	0	0	0
14852286	588	20	129	211
148540433	57	5	21	34
148566667	0	0	0	0
14857626	131	17	92	170
14862725	11	0	12	13
14866036	136	0	13	15
14869120	1000	26	133	261
14872093	9	0	5	5
14875714	0	0	0	0
14876530	292	13	127	255
14876698	989	50	388	977
148770143	495	63	147	433
148788924	5	0	3	3
1488	212	21	185	290
14882883	410	3	117	254
14883877	88	4	29	70
14889375	2042	9	201	462
14891674	9	2	5	8
148949255	54	5	34	55
14896995	811	15	488	1014
14900310	1	0	0	0
14903497	211	0	27	39
14907340	400	24	160	213
14908911	57	5	20	37
149123387	2	0	0	0
14913560	38	1	16	16
14918255	1022	24	399	955
149187033	0	0	0	0
14920419	542	31	167	476
149217525	204	5	156	352
14936524	53	1	50	56
14944492	804	84	252	750
14965951	9	2	3	12
149785304	1	0	0	0
14979301	102	12	64	113
14984346	261	11	136	216
14984727	60	9	77	90
149873666	1	0	0	0
14987445	1444	1	115	395
14997575	184	22	101	210
14997793	650	52	303	639
15011356	426	12	266	364
15017920	312	25	252	327
15028458	141	9	46	64
15032100	114	12	28	37
15039730	10	0	10	10
15041098	676	50	331	563
15041710	0	0	0	0
15041958	581	8	267	416
15042218	272	8	61	145
150481499	174	10	37	91
15050975	1474	177	395	1759
15054702	300	21	134	215
15059082	169	18	82	142
15059632	511	43	118	356
15059869	300	5	134	248
150605017	62	2	11	29
15063531	2	0	3	3
150688690	22	0	1	1
15074444	688	4	247	490
15076601	52	4	20	30
15076902	332	2	112	189
15080859	52	1	4	4
15083875	141	2	39	48
15085995	461	42	316	612
15089832	129	13	47	76
15090623	120	12	58	90
151004886	1	0	1	1
151009205	1	0	1	1
15110272	765	16	104	463
15115214	1115	44	215	540
151187687	11	3	5	10
15121567	16	1	12	14
1512391	75	6	73	94
15129947	304	18	117	265
151302055	20	3	14	15
15131299	0	0	0	0
151313439	94	0	7	12
15138496	222	39	106	286
15139237	21	1	14	26
151393539	18	6	10	21
15140975	522	2	18	69
15142728	23	0	1	1
15144179	62	9	45	68
15157506	270	6	60	95
15162867	358	10	52	66
151631118	57	0	5	6
15169977	347	18	204	318
15170098	6	0	3	5
151709777	194	7	27	45
15181300	8	7	11	19
15182672	374	23	147	284
15186408	33	0	2	2
15192529	202	18	145	257
15195598	223	3	185	241
15197107	0	0	0	0
151980358	0	0	0	0
15200213	33	2	6	9
15212648	521	8	65	96
15212836	132	12	68	118
15213889	15	1	11	16
15230046	184	4	71	120
15233019	109	20	85	154
15246480	45	0	14	28
152471353	314	15	70	126
15258398	1312	13	184	346
15272823	83	2	40	63
15274381	1586	72	199	923
15275635	43	4	47	57
15281802	398	30	174	341
15282456	33	0	8	9
15288584	538	8	300	562
152903984	0	0	0	0
15294560	19	0	19	31
15295748	748	25	170	375
152978048	3	0	2	2
15299662	835	2	83	136
15309176	1735	109	525	1448
15311185	92	6	23	30
15323769	170	14	81	139
15330682	100	12	67	99
15337816	493	2	48	98
15347317	594	22	321	692
153496161	1230	27	158	383
15357170	5	1	2	2
15358347	0	0	0	0
15364120	531	14	162	295
15371880	585	41	375	656
153724305	65	7	18	34
15372446	3	0	2	2
15378858	530	11	144	280
15378899	41	0	16	27
15382996	449	28	185	438
15394017	53	1	33	41
15397066	212	5	92	226
15401354	346	9	168	239
15410580	3	0	2	3
15415052	912	44	441	774
15415420	7	1	4	4
15420948	343	9	102	152
15423715	777	21	229	626
15429965	438	1	20	38
1543811	41	3	7	9
154438925	136	4	51	99
15446386	1068	60	436	998
15449631	156	0	11	28
154557103	369	8	123	273
154623135	48	1	11	71
15470962	25	2	12	24
15471680	19	0	14	16
15474437	22	2	16	21
154747647	0	0	0	0
15479932	258	21	152	276
15482299	334	50	118	352
15483894	537	9	179	325
15484132	863	22	414	878
15490469	157	5	31	56
15506556	46	0	9	9
15509502	55	7	13	24
15510041	290	8	105	226
15521052	711	59	271	581
15525310	692	1	27	119
155259266	0	0	0	0
15529285	54	3	27	69
155301703	230	7	97	175
155327544	623	8	135	262
155386627	756	17	150	1001
155500067	9	0	3	4
155521796	2	0	0	0
155563368	0	0	0	0
15570685	41	0	10	39
15572832	0	0	0	0
155810630	29	0	10	20
15583003	621	16	93	173
15587836	632	15	267	543
15587918	95	9	31	61
15589240	1888	63	766	1840
15591901	504	23	62	121
156035879	0	0	0	0
15610213	410	17	167	254
156129758	133	7	20	41
15616926	331	16	176	326
15620196	19	1	12	14
15621841	112	2	10	10
15624402	278	14	144	197
15632260	814	14	161	525
15636070	3	0	5	5
15645974	2579	45	931	2135
156552811	2	1	1	1
15655942	247	24	120	181
15659821	574	16	51	74
15666586	20	4	12	20
15670484	491	55	183	665
15678504	273	19	141	331
15679234	666	29	285	847
156810847	0	0	0	0
15689590	860	92	307	738
15691300	364	24	148	302
15691538	105	6	93	173
15702212	415	65	156	270
15712496	1	1	1	1
15717447	2	0	1	1
15726403	675	57	130	362
15735706	19	0	6	6
15739891	0	0	0	0
157401723	96	6	42	72
15755882	2608	34	604	1120
157559377	752	17	214	362
15765764	23	1	9	13
15773020	241	12	68	102
15773663	393	12	141	337
157743365	815	18	188	514
15780904	15	1	2	5
15781281	181	23	150	216
15782121	173	11	42	104
15782835	1	0	1	1
15784981	56	0	1	1
15791421	1433	20	287	1155
15791917	49	2	12	14
15793401	584	34	196	452
157961114	12	3	7	10
15797527	195	4	57	83
15799415	10	0	10	10
15805310	0	0	0	0
15805716	2498	26	1192	3215
158094949	30	1	13	16
15811158	108	15	37	64
15813904	3212	63	1066	3641
15817422	62	4	25	53
15825312	26	2	15	23
15831277	1	1	1	1
15831430	630	2	86	125
15843108	204	6	63	105
15850737	83	10	40	80
15853273	842	111	417	1793
15854292	954	6	49	70
15857048	3	0	0	0
15861147	71	7	19	66
158655483	241	1	11	18
158660475	86	14	51	90
15871880	393	1	22	132
15884137	948	29	163	473
158919247	1	0	0	0
158959968	0	0	0	0
15897796	100	3	27	41
159027114	1300	18	281	832
15903938	373	1	4	6
159091670	23	0	0	0
15929197	0	0	0	0
15933999	0	0	0	0
15968396	719	83	247	469
159724564	388	14	61	181
159801899	38	4	22	43
15985881	254	1	88	151
15989237	487	25	301	581
15997981	219	5	51	112
16001666	485	8	101	143
16009790	565	19	109	304
16016860	435	18	118	219
16017042	591	20	135	345
160240565	494	0	12	34
160274955	57	5	28	53
16031898	522	48	178	263
160437303	774	21	341	751
16045609	721	2	39	46
160500635	169	0	0	0
16055951	179	17	116	231
160628503	1006	31	145	415
16067255	19	4	9	12
16080599	215	4	7	13
160830582	6	1	2	3
160831680	437	11	95	194
16085494	25	1	4	5
16089186	1058	130	266	773
160933596	2	0	0	0
160957738	1	0	1	1
16106041	367	5	95	260
161103730	3	0	3	3
161122754	851	22	135	330
16117296	8	1	8	8
16120937	31	2	14	16
161258172	187	0	0	0
16140843	0	0	0	0
16148475	207	12	57	134
16148608	75	7	33	44
16155964	3	0	1	1
16160012	91	7	58	74
161668416	338	7	77	105
16175360	292	12	136	200
16176103	953	44	419	882
16183712	514	25	128	348
16185285	12	2	11	13
16189056	23	0	16	18
161937540	0	0	0	0
16196649	1046	59	235	1133
161976596	0	0	0	0
16198929	11	1	7	12
16205477	102	3	35	96
16217018	6	2	3	3
16219684	1465	75	997	1713
16221175	131	10	66	76
16223010	92	4	27	78
162413668	23	5	20	29
16242654	3	0	1	2
162476890	62	6	60	81
16253962	81	1	10	31
162544291	0	0	0	0
16254641	18	5	12	19
16264489	1042	30	311	782
16287447	312	3	10	139
16290737	217	10	112	189
162957482	5	0	1	5
16296779	0	0	0	0
16298906	455	25	70	248
163001337	74	2	23	57
16304417	637	33	377	841
163101542	40	0	7	8
1631991	14	1	5	6
163204365	709	100	472	1143
1632511	156	7	79	96
16326209	36	1	17	28
16333236	242	7	18	29
16340744	0	0	0	0
16340855	21	6	29	31
16347855	0	0	0	0
16364339	0	0	0	0
16368253	95	0	4	4
163717857	545	4	103	159
16375617	379	7	69	131
16379760	11	1	6	10
16382685	1954	116	672	1572
16407663	13	1	6	7
164155930	36	2	6	9
16419391	250	3	105	171
16422556	368	18	183	420
1642281	605	8	93	206
16430450	1583	39	238	838
16445207	893	78	431	993
16446939	1062	58	662	1369
16454696	11	2	8	11
16456627	208	29	161	286
16457820	105	5	6	6
16465420	781	108	342	817
16483921	920	43	213	468
16491106	96	3	16	17
16492170	789	60	242	581
165042290	0	0	0	0
16529482	67	8	49	70
16547753	6	1	4	4
16555660	273	40	96	198
16556240	5	0	7	7
16560054	257	11	111	223
16563741	145	4	67	96
165789461	0	0	0	0
16579371	383	0	4	4
16586289	1	0	0	0
16588278	222	1	48	63
16588997	26	0	12	15
16612059	605	20	398	578
16615428	4	1	3	7
16621906	688	14	78	923
16622984	308	6	145	227
16631773	74	0	20	24
16646774	238	10	109	157
16646915	12	0	11	12
16653907	117	5	57	77
16656126	44	4	32	40
16656470	202	6	34	55
16660941	534	26	126	292
16662300	3237	46	1211	2672
16665992	464	30	201	494
16669216	504	20	82	144
16669733	171	10	72	141
166830359	0	0	0	0
166983092	17	0	2	3
16698471	589	10	64	97
16702758	276	15	51	65
16726578	6	1	9	10
16732745	32	1	26	27
167371196	498	21	65	161
167374201	349	0	9	16
16742259	8	3	5	7
167434814	0	0	0	0
16780538	5	0	4	4
16783409	382	63	150	292
167872510	8	2	10	10
16787901	26	2	19	21
16788432	38	3	24	33
16793608	20	3	16	21
16794701	1100	68	514	1153
168035495	53	8	20	61
16810609	5	0	0	0
168120172	29	1	14	17
16812492	233	43	88	184
16828129	11	0	1	4
16841067	667	37	369	627
16843161	257	19	72	179
16860245	286	21	136	213
168629999	830	18	118	231
168801128	620	28	464	889
168815152	228	9	113	149
16890227	65	5	62	79
168909402	40	0	15	25
16894250	219	23	65	132
16894693	678	5	380	552
16908014	0	0	0	0
16909797	39	2	19	31
16910503	51	1	29	36
16920968	95	11	50	106
16930942	122	1	5	7
16933538	188	2	67	107
16943160	464	20	128	285
16946306	611	2	12	40
169574572	29	2	20	25
16959403	54	1	35	44
169816466	0	0	0	0
16991733	244	5	164	230
17005242	277	26	113	223
17009566	404	25	310	467
17054565	210	8	97	246
17055338	23	1	1	1
17064939	373	49	119	318
170651256	7	0	6	8
17081169	104	12	44	74
17082741	14	0	3	5
17095379	0	0	0	0
170978161	0	0	0	0
17099031	5	4	6	6
17108078	29	3	26	33
17134424	0	0	0	0
17139011	544	4	240	472
171421424	68	0	55	82
171491313	0	0	0	0
171500523	1415	52	405	1552
17157048	3	0	1	1
17163113	725	4	221	343
17179353	237	6	92	132
171801534	533	45	195	351
171891657	37	6	21	36
17192106	1768	20	319	581
17219016	521	28	247	507
17219524	379	26	113	220
17225061	0	0	0	0
1722511	8	1	5	6
17232814	353	20	144	233
17233268	22	1	16	28
172430377	479	2	124	241
17260218	454	11	174	449
17274679	1136	19	501	922
17275474	151	6	28	56
17279274	32	3	16	18
17288254	81	1	14	15
17288491	103	5	43	70
17289017	5	0	3	5
173025696	28	6	20	53
17303088	576	12	70	111
17305435	368	8	76	131
17310197	36	5	14	22
17328524	58	0	18	77
17330027	21	0	8	8
17331859	266	13	94	213
17345061	22	1	6	6
173462052	0	0	0	0
17351581	166	1	92	214
17351897	9	0	9	11
173525269	0	0	0	0
17355717	396	26	251	490
1736961	112	16	74	101
17390066	59	1	31	34
173913285	0	0	0	0
17411215	317	21	185	382
174118617	65	0	1	1
174147113	3	0	2	2
17433944	14	3	12	16
17435961	17	4	9	11
17441094	893	41	353	778
17447004	2522	25	343	1538
17452383	1047	44	345	797
17453045	427	6	34	64
174546661	36	1	4	5
17456369	283	5	136	177
174626081	162	17	50	74
17465035	64	2	57	73
17465740	216	7	100	137
17466522	4	1	4	4
17482759	14	4	15	15
17485937	33	2	12	21
17488996	77	7	59	78
17493065	173	10	90	148
17493573	73	2	24	48
17500762	122	3	28	35
1750611	11	1	6	8
175079931	88	14	54	70
17508310	424	3	195	445
17508749	874	48	186	381
17513705	64	3	40	44
17526907	115	4	67	98
175536709	75	11	70	102
17562864	62	4	13	54
17566926	251	7	151	299
175672630	683	5	51	117
17571891	78	3	34	53
17579194	222	8	76	111
17581023	120	5	48	83
17585729	43	4	30	52
17592578	209	57	93	98
17598988	0	0	0	0
17600088	4	0	0	0
17600344	25	1	28	30
17623799	767	3	121	389
17626987	137	10	71	176
17634321	741	40	159	772
17647406	1797	31	326	608
176490337	904	2	57	138
17656473	112	3	33	73
176598663	2	0	1	2
17667410	472	14	102	268
17671803	97	7	27	36
17700467	370	4	30	124
177056490	30	0	1	7
17708435	8	1	8	8
17711949	288	6	30	38
17744352	657	23	84	183
17755777	309	32	156	343
177601858	45	2	15	20
17761709	24	0	1	1
17764845	218	3	27	46
17767242	34	0	2	2
177848551	2	0	1	1
17785796	330	12	220	332
17786262	1074	8	35	188
17794715	521	43	339	589
17807092	7	1	5	6
17814354	161	8	102	215
17819944	391	6	228	386
17845927	789	55	229	393
17850406	297	14	133	356
17862094	1434	15	206	658
17862598	0	0	0	0
178678286	1331	73	408	1859
17878976	145	15	54	89
17879469	28	0	20	25
17888691	2	0	4	4
17890476	190	3	118	205
178996518	1	0	2	2
179011597	139	4	42	62
179039869	0	0	0	0
179077459	9	0	4	7
17909095	194	2	39	86
17919390	8	3	13	15
17933112	297	13	148	218
17963912	178	2	44	46
17965599	1137	29	152	315
17972642	0	0	0	0
17993791	228	4	170	279
179964298	39	0	22	32
18000659	710	13	130	395
18011420	396	39	60	213
18021694	17	0	16	19
180382700	7	0	3	3
18048920	207	16	182	288
18049042	14	2	8	13
180583320	35	2	2	3
18065449	158	4	46	58
18068886	70	1	45	69
18078453	172	0	23	29
18096495	1216	22	140	696
18104922	36	0	3	3
18109828	36	1	13	18
18110587	49	5	30	54
181174923	109	10	44	92
18138605	52	0	7	27
18142403	25	0	3	3
18142406	1	0	1	1
18144052	876	24	117	349
18144088	40	1	21	38
18153760	4	2	2	6
18160231	409	30	324	557
18167295	619	21	141	354
18181755	380	12	172	261
18185386	286	5	99	209
18185933	301	60	194	463
18198937	17	0	11	13
18201453	414	44	133	296
18219371	2092	61	1071	2581
18224092	564	23	166	318
18228609	464	15	150	538
18236064	344	16	109	221
18244686	17	0	8	13
18300690	77	3	40	42
18303494	157	6	135	175
18305633	63	7	37	64
18309890	0	0	0	0
18314846	107	7	68	135
183210508	143	5	9	13
18335722	1401	14	51	208
18346062	222	4	80	138
18347051	411	22	246	458
183544716	194	11	62	148
18365545	103	6	31	51
18371407	1346	43	728	1321
18399423	2461	82	1657	3467
18413368	991	6	70	574
18413922	159	16	129	230
18415164	14	4	6	10
18457457	98	1	38	47
18459028	655	31	306	773
184634295	0	0	0	0
18476135	291	8	43	64
1848101	184	10	83	124
18483817	150	13	76	165
18489397	128	0	42	66
18499517	889	9	156	262
18513223	237	24	172	276
18529185	180	8	147	202
18533043	11	0	4	5
185340893	1	0	1	1
18537413	251	4	37	196
18566114	1017	18	568	1015
185706220	70	0	2	3
185762077	118	14	46	109
185925039	480	2	51	141
186017847	104	14	24	63
18609670	108	0	59	76
186098074	243	56	72	203
18631659	1	0	0	0
18654924	547	11	256	602
18656757	0	0	0	0
18658714	6	0	9	10
18660435	275	0	12	31
18664944	625	20	144	424
186666771	72	2	10	11
18679648	153	7	92	130
18680844	224	2	107	133
18683809	363	35	152	259
18695820	266	10	108	327
18696044	135	29	76	105
18708952	2704	67	1273	3616
18712823	25	3	3	11
18714319	699	35	260	536
18718381	502	2	113	215
18722185	148	20	100	155
18726562	37	0	0	0
18731398	516	5	95	228
18735419	15	8	18	24
18737704	2	0	0	0
18753808	0	0	0	0
18768305	3234	171	1106	3624
18768565	148	5	70	138
18769221	0	0	0	0
18773447	265	12	72	198
18783043	4	0	3	4
18788912	5	0	5	5
18805394	566	69	338	1024
18817996	25	1	24	25
18827982	137	5	33	53
18828154	44	2	20	24
18839786	220	8	54	120
18851314	1883	1	46	349
18866569	126	8	72	103
18870720	108	5	8	12
18895896	7	0	1	1
18919083	12	0	2	2
18922608	2	1	1	1
18949058	1857	28	324	1849
18970302	27	4	7	11
18970896	311	2	66	167
18989252	1047	63	240	985
18999530	41	2	41	57
19016965	209	5	112	227
19029961	276	24	34	64
19040782	228	44	152	397
19041387	165	3	108	190
19041966	404	23	107	305
19051553	9	0	9	10
19052164	63	4	37	48
190555766	94	1	4	11
19073386	35	4	37	41
19087696	433	32	119	243
191281767	261	4	37	39
19134746	493	8	216	407
191348191	9	1	2	7
19163279	32	0	17	19
19167134	1	0	1	1
19174009	713	4	109	341
19174665	11	0	2	7
19187182	1312	8	92	434
1919091	255	5	23	52
19198434	32	1	11	15
19200920	128	8	95	127
19201616	106	5	18	51
192078758	12	0	13	15
19221776	303	24	182	396
19233960	129	1	27	33
19249225	252	4	57	105
19253319	224	8	70	187
192536419	219	19	86	207
19266229	223	23	92	192
19270789	75	2	41	78
19279286	18	10	16	19
19295452	260	8	124	204
19298248	115	10	53	87
193131357	95	3	24	64
19317369	0	0	0	0
193179119	0	0	0	0
19327364	974	59	148	651
19343167	46	2	27	49
19349110	1	0	0	0
19353452	0	0	0	0
19362168	37	0	34	53
1937711	1302	48	693	1354
19377519	579	2	67	87
19381735	3	0	3	3
19394582	428	93	208	657
1940141	118	25	73	181
19413059	0	0	0	0
19424786	394	18	161	247
19425498	475	34	217	422
19453524	163	28	133	179
19453663	0	0	0	0
194606510	64	6	51	62
19472194	21	0	12	24
19485279	135	20	72	130
19492216	99	0	40	57
19515501	653	24	116	282
19525345	95	4	20	25
19532262	97	8	35	85
19561409	23	0	10	13
19573212	15	8	25	35
195765532	315	9	25	78
19577075	0	0	0	0
195892429	108	10	38	108
19607251	0	0	0	0
19608678	16	0	15	17
19611305	218	47	111	189
19630154	56	4	12	13
196352650	730	1	34	49
19637979	343	11	50	283
19657130	421	38	200	321
196738614	0	0	0	0
19679610	28	2	22	30
19681213	316	18	65	113
19686082	149	21	159	266
197262588	12	0	5	7
19727507	603	76	249	649
19730137	95	4	34	48
19736423	402	18	166	219
19742024	49	13	51	63
19745222	595	68	314	659
19746829	67	4	26	30
19752439	285	8	60	121
19763824	2	0	2	2
19768085	234	15	96	143
19769638	639	8	206	427
19778622	470	14	203	574
19780081	219	9	88	130
19801763	431	4	16	34
19801885	6	0	0	0
19802091	228	12	54	111
19802319	76	7	44	69
19812595	231	21	114	207
19827101	0	0	0	0
19833321	17	9	14	30
19839827	72	1	13	57
19862931	28	1	9	16
19870101	217	1	62	152
19888504	22	0	0	0
19904025	187	30	95	180
19909181	1601	65	374	1505
19912689	936	59	471	935
199137542	74	4	8	24
19917971	1062	3	15	22
19938410	179	3	89	168
19940968	139	3	70	112
19944238	42	2	9	16
19961084	133	26	47	110
19979328	17	1	10	11
19983336	21	0	5	5
19984403	106	9	100	133
19993063	337	33	278	471
19994305	220	5	63	85
19995105	4	0	1	4
20010873	299	3	11	30
20012769	228	1	47	105
20017758	164	3	164	200
20029225	229	6	67	100
20038785	404	55	159	653
20044319	42	3	17	27
20057078	215	6	45	68
200679599	0	0	0	0
20068500	146	13	83	140
20084313	730	46	209	485
20085932	133	0	22	60
20132302	588	9	98	203
20154397	4	0	3	4
20158558	294	19	93	118
20167949	189	0	3	3
201790102	0	0	0	0
20179831	20	1	1	1
201857606	0	0	0	0
20191065	396	18	278	537
20210688	31	3	25	35
20217674	736	33	222	599
20219738	2	1	1	1
20244741	103	13	65	87
20250149	207	20	85	138
20252038	295	1	50	99
20281735	214	34	108	246
20290178	460	0	217	637
20293263	145	8	22	116
20310073	29	11	21	36
20318087	87	1	6	6
203273241	13	1	4	4
20332858	619	5	32	64
20334683	277	0	6	9
20337759	483	21	169	275
20354429	407	17	278	497
20361548	62	15	25	58
20391005	5	0	4	6
203992376	1618	12	109	1385
20403849	306	3	55	73
20411050	1733	11	268	645
204392528	19	1	6	14
2044691	201	28	86	160
20451544	366	19	70	192
20451764	218	23	64	107
2045641	47	0	17	44
20459158	6	1	4	4
20467918	73	5	54	71
20476755	471	41	214	308
20485487	1489	18	238	674
20518761	158	10	61	91
20532595	377	33	238	358
20540990	0	0	0	0
20544358	386	23	181	362
20545123	577	19	65	143
20561123	601	54	341	581
206185946	48	6	10	18
20626905	341	4	31	56
20630746	143	12	40	80
20652877	602	13	151	254
20652977	454	1	10	31
20689460	37	1	13	16
20708740	11	2	8	10
20714280	113	2	22	46
20753296	119	1	11	17
20781213	7	0	14	15
20785139	10	1	8	12
20826426	430	3	29	60
20828056	156	20	67	121
20855514	492	10	102	207
20857471	145	20	121	335
20859950	0	0	0	0
20923496	526	17	109	227
20940587	1332	119	739	1521
20947872	267	8	56	184
20956958	72	2	8	12
20959433	25	0	3	3
20999452	183	7	72	90
20999936	36	4	25	45
21032575	23	1	9	21
21033621	83	1	16	24
21046254	68	7	29	35
21071324	257	13	128	212
21078232	8	0	3	7
21091264	128	5	109	140
21096060	201	0	24	40
21102132	954	17	144	466
21121912	40	4	31	55
211554129	29	1	5	5
21160045	104	0	53	78
21167455	9	0	2	2
21171766	201	6	93	325
21173252	468	40	289	521
21181013	851	41	280	735
21238880	117	1	18	28
21247114	183	8	66	116
21254897	48	6	41	45
2126061	56	1	17	29
21267578	36	5	13	38
21268721	184	26	91	187
21274241	1519	12	310	561
21283525	338	18	85	174
21288914	226	9	54	67
21306879	271	0	54	89
21313187	734	72	282	506
21323810	258	29	159	276
213376151	49	3	11	15
21382519	5	1	12	22
21388657	1020	67	483	1150
21431725	338	2	215	295
21453562	7	0	4	4
21472621	2	0	0	0
21496431	24	0	10	17
21522257	147	0	5	8
21522595	1117	8	342	606
21534754	66	7	41	56
21546286	767	5	46	181
21551420	408	10	90	208
21574104	647	44	216	790
21636741	814	52	229	432
21643840	42	3	35	48
216596167	0	0	0	0
21665671	762	13	163	462
21683391	734	32	215	440
21708503	0	0	0	0
21730948	416	4	71	109
21731896	43	2	14	46
21732431	264	43	95	113
21737365	400	1	8	11
21738399	369	6	196	372
21754788	21	1	13	20
21787659	1081	59	512	1590
21793918	175	105	228	353
21794079	1	1	1	1
21802791	441	95	226	374
21813060	76	0	53	125
21817563	67	5	41	76
21822731	79	6	34	59
21832719	427	1	56	243
21834317	49	2	6	7
21841676	472	36	172	351
21854491	121	19	83	135
218552666	1153	58	331	1120
218655174	217	1	29	62
21922997	0	0	0	0
21936326	2104	132	615	2340
21936775	129	11	40	49
21951936	36	13	33	97
21957245	150	4	13	27
21957721	2	0	1	1
21970561	323	5	45	184
21978767	9	0	2	2
21985702	0	0	0	0
220198517	925	9	259	791
22022052	1	0	1	1
22027437	97	5	51	53
22036144	200	45	184	329
22044848	472	2	57	105
22054705	1258	65	223	536
22067213	39	5	22	33
22089040	18	0	11	12
22098993	124	9	29	38
22113751	471	23	210	348
2212031	635	59	290	633
22120314	393	3	191	359
22125367	78	6	43	57
22168333	189	0	109	193
22175670	38	0	4	5
22178815	221	2	18	19
22181199	1347	0	15	230
22218731	300	47	117	223
22254586	40	0	2	35
222723	1721	36	475	1769
222881153	1589	0	47	81
22298994	593	49	272	789
22309294	103	2	22	27
22341338	83	9	51	86
22375981	3247	10	155	313
22393716	1247	41	264	634
22398742	241	8	132	225
22402295	1152	35	350	775
22428076	42	2	13	20
22428977	8	0	3	8
22457169	13	1	7	9
22457629	1046	133	466	850
22464112	57	2	17	28
22473357	71	12	49	59
22509605	50	3	42	52
22520513	331	16	158	362
22537064	249	13	118	218
22537774	53	7	23	31
22544040	0	0	0	0
22554666	379	13	178	534
22573	396	101	315	688
22594644	1530	3	244	818
22598963	72	0	28	32
22604872	846	63	392	956
226255674	2374	73	1331	2580
22632726	149	6	92	149
226370322	77	14	43	71
22645975	154	0	18	24
22654501	0	0	0	0
22684010	4	0	0	0
22722239	0	0	0	0
22728841	716	27	375	751
22732868	0	0	0	0
2273851	476	79	252	476
227858729	29	1	15	23
227931420	3	0	2	2
22793459	128	1	56	95
22797713	37	2	15	40
22817030	0	0	0	0
22863282	15	1	8	17
22880912	77	4	18	28
22883042	468	11	75	292
22884647	144	34	86	202
22900029	68	0	13	17
22911578	74	3	14	21
22949684	293	31	148	261
22962098	125	0	7	8
22978241	1	0	0	0
22988545	256	20	85	181
23004360	3	0	0	0
23008787	268	27	61	127
23011113	217	23	58	212
23041223	0	0	0	0
23052615	1828	11	139	899
23054599	87	3	7	45
23058395	235	0	0	0
23103269	9	0	4	8
23103723	26	3	18	34
23104877	7	1	7	7
23111092	11	3	8	20
2318461	90	2	52	59
23195669	40	5	33	38
232053788	34	1	13	22
23206089	163	10	43	60
23206993	115	1	11	80
23227473	36	4	28	45
23323572	119	13	48	81
23327940	215	21	117	286
233307946	4	1	1	3
23330822	727	70	421	1233
23333537	2186	29	1060	2573
23374677	23	4	20	29
23403611	165	21	96	207
23406502	0	0	0	0
23427732	512	19	86	238
234288622	0	0	0	0
23485794	1562	16	109	478
23536799	648	7	125	258
23555613	0	0	0	0
23560644	1022	1	8	10
23564158	47	5	40	48
23585970	901	37	227	613
23596505	1089	3	7	25
23598798	165	15	49	121
23603022	204	4	23	87
23604918	4	0	2	2
23608514	145	17	33	77
23611003	33	0	0	0
236159998	356	15	112	230
23635812	0	0	0	0
23638138	91	4	28	48
23641665	115	9	37	40
236432535	228	3	9	80
23652634	15	1	11	17
23662079	234	17	111	227
236672523	16	2	13	21
23675717	271	20	89	227
23711198	78	7	26	41
23715752	28	2	20	24
23719464	2	0	1	1
23741797	1185	4	16	18
23764827	153	1	4	6
23794945	17	1	7	9
23798681	2	0	1	1
23813023	16	0	9	9
23820271	1409	8	252	650
23878938	281	16	173	209
23890162	73	2	45	54
23935594	498	56	273	1125
23968663	101	1	60	144
23971284	777	34	191	673
23979449	21	3	28	32
23998793	201	31	56	171
24006595	359	12	75	164
24091085	513	0	6	251
240935614	1274	18	432	967
24131225	229	3	57	83
24134566	0	0	0	0
24150371	204	6	53	82
24164220	27	3	29	36
24174101	43	1	5	14
24193479	30	0	19	29
24199339	0	0	0	0
24204734	17	0	6	8
24210132	0	0	0	0
24259856	33	0	19	29
24259971	761	64	236	634
24303865	5	1	5	8
24322437	648	3	22	26
243685917	0	0	0	0
24406096	0	0	0	0
24430961	1099	28	387	971
24451441	276	0	45	93
24464032	131	3	31	96
24497986	51	4	34	56
24502705	812	44	274	617
24586947	60	0	18	25
24587571	154	6	30	69
24593563	12	1	5	8
24600302	359	4	73	209
24607124	64	5	17	20
24609259	834	6	257	708
24610167	97	9	65	118
24624449	275	47	106	175
24628464	0	0	0	0
24646267	152	0	61	116
24646596	1164	34	197	786
24697647	108	0	80	113
24747647	125	8	93	120
24762294	2111	160	493	2419
247825024	2748	116	544	3895
24783580	461	39	249	703
24788324	316	8	68	221
248233587	269	11	76	419
24831460	1	0	1	1
248392593	1198	6	203	831
24844037	0	0	0	0
248738880	888	22	231	575
24891835	0	0	0	0
24914458	102	13	68	113
24922181	71	4	47	64
24922750	0	0	0	0
24951393	776	40	315	657
24996503	0	0	0	0
24998438	515	13	124	560
25019426	0	0	0	0
25076187	770	8	56	126
25092959	1495	52	394	1223
25109808	0	0	0	0
25145714	5	0	2	2
25147663	63	12	31	67
25181960	297	14	94	180
251857120	43	1	13	17
25203850	125	3	13	14
25213685	14	0	1	1
25221623	69	2	45	55
25238984	403	12	183	478
25288719	1978	87	531	1773
25315460	28	1	10	15
25332130	4	0	4	5
25354125	37	2	26	29
25361747	59	3	36	51
25372148	973	223	464	1492
25383670	1	0	0	0
25406728	310	34	201	354
2542671	41	0	0	0
25439690	4	0	1	1
25462813	125	5	57	77
25481399	164	13	61	105
25512927	29	0	25	48
25523177	1	0	1	1
25524862	1095	8	209	391
25597162	53	6	17	29
25613173	4	0	2	3
25618860	244	31	109	155
25661222	542	1	145	268
25680569	3191	41	326	2824
25698549	0	0	0	0
25724806	133	4	16	30
25742926	115	4	15	24
25744535	0	0	0	0
25771101	501	0	6	13
25778849	61	0	8	10
25831539	230	27	74	166
25870234	230	5	121	207
25886074	152	6	94	157
25900636	16	3	17	21
25905482	0	0	0	0
25955804	444	22	198	423
25957540	609	40	333	494
25993747	764	21	189	612
26017790	226	7	94	145
26034215	230	4	105	205
26065124	72	8	17	22
26072643	194	6	32	101
26082139	240	0	9	239
26093255	1649	70	281	1577
26112979	1742	12	153	249
26135395	763	10	288	481
26148925	339	1	26	43
26152403	19	0	4	7
26153901	445	28	222	532
26169440	55	0	44	55
26191111	160	13	78	133
26246035	10	0	7	10
26257604	0	0	0	0
263174289	1	0	0	0
26347655	236	22	94	157
26381407	269	3	6	7
26482875	30	3	18	47
26502538	22	0	9	13
26525527	451	14	59	196
26558400	40	4	32	37
26571789	123	3	64	74
26574540	6	1	3	6
26577435	1081	42	578	1397
26607894	773	23	417	938
26686790	863	2	72	222
26731749	912	12	92	243
26752675	21	2	12	15
267579433	1580	90	442	1649
2675801	237	5	126	222
26764460	323	19	96	214
26793081	0	0	0	0
26803949	1	0	5	5
26845545	367	0	0	0
26860861	2	0	1	1
26862540	625	37	236	435
26871124	12	0	0	0
26902403	5	0	5	7
26903123	1414	38	353	826
26912863	438	32	283	482
26935444	5	0	3	3
26978525	10	1	5	10
269933	138	17	97	210
27008329	150	15	77	102
270343130	18	0	0	0
27043312	439	20	131	278
27054095	430	55	276	477
27060333	1180	31	387	886
27068543	361	4	60	124
27089479	153	1	114	181
27096827	173	3	6	8
27100854	380	10	63	167
27133496	95	1	12	17
27154528	3	0	1	1
27194066	66	2	18	27
27224576	43	0	3	4
27240973	35	3	8	9
2726361	299	32	127	167
27290977	364	5	38	55
27317093	554	59	238	571
27319043	95	6	16	18
27325776	0	0	0	0
27336669	205	41	119	241
27340218	0	0	0	0
27364653	1473	15	201	471
27375118	230	6	78	146
27381257	1	0	1	1
27405322	52	14	29	63
27428844	2	0	1	1
27441274	1169	49	385	950
27482168	146	27	60	149
27487965	272	13	56	236
27493756	8	3	5	5
275180055	76	2	38	39
27543221	371	10	162	311
27595127	364	0	11	23
27609758	46	0	22	28
27672150	27	2	7	7
27673788	770	26	150	215
276747624	0	0	0	0
27681737	76	7	47	84
27720272	1277	0	0	0
27727354	90	4	64	90
27745806	350	15	77	109
27747683	241	5	54	128
2775831	347	7	159	342
27761203	331	0	42	161
27828473	390	36	198	416
2790321	96	16	49	86
27946109	3242	130	549	4504
27955338	13	4	16	17
27980290	324	19	135	239
27980417	3	0	3	5
28028769	31	3	14	20
28049011	1241	20	178	353
28065912	14	0	9	15
28105516	347	13	78	112
28106943	20	1	11	14
28111036	121	2	18	30
28122143	51	3	41	60
28161508	492	0	87	171
28162995	98	4	27	40
28165467	1	0	1	1
28170419	35	1	13	14
28213083	6	3	8	20
28214215	377	14	117	172
282295715	43	1	19	31
28235772	379	4	67	317
28237398	52	0	10	12
28241340	77	5	24	50
28255640	93	0	28	38
28255731	32	2	11	13
28287704	23	2	18	39
28289972	69	0	1	69
28295400	3	0	3	3
28355726	137	11	66	102
28371863	97	1	3	10
28392632	374	0	0	0
28402868	57	3	39	48
28425750	117	6	30	105
28442549	104	7	50	87
28497911	1407	52	534	934
28500576	1	0	0	0
28512228	518	5	63	163
28516786	46	1	4	10
2854591	114	0	82	100
28563775	1	0	1	1
28568403	79	3	36	91
2857031	602	17	376	766
285787537	1	0	1	1
28589532	0	0	0	0
28608936	222	4	40	64
28646612	612	36	278	789
28659484	894	34	91	196
28664103	103	2	60	133
28717585	0	0	0	0
28727588	146	0	5	21
28766450	481	10	168	457
287713666	1049	0	13	34
28774409	5	1	8	8
28775062	192	20	46	110
28818740	49	0	4	4
28837185	68	7	40	84
28859269	1	0	1	1
28916330	3	0	2	2
28921405	926	34	167	582
28928900	0	0	0	0
28970203	427	17	132	410
29023308	38	3	11	22
29056257	104	0	1	1
29103847	10	1	3	4
29137692	348	3	28	38
29175362	31	1	9	9
29198098	478	20	395	656
292052632	0	0	0	0
29222042	223	3	52	74
292777425	0	0	0	0
29293734	42	2	14	24
29344462	0	0	0	0
29344758	18	1	2	8
29348952	127	1	26	33
29387861	125	6	35	56
29399230	22	1	27	32
29447276	42	1	7	15
29467130	3207	37	338	2367
29501106	2178	39	498	1478
29505499	33	0	29	33
29581101	1386	35	416	915
29616757	100	1	22	30
2963011	772	75	368	609
29640057	183	1	44	69
29655510	506	19	101	167
2970331	19	0	1	4
29775502	159	7	112	193
29785980	1510	6	111	524
298293085	1170	67	531	1139
298725750	9	0	2	4
29915936	354	5	71	134
29917270	1348	127	1069	2109
30017328	538	10	85	166
30044406	83	6	50	61
30047606	267	18	141	205
30072877	5	1	2	5
30107464	0	0	0	0
30120987	30	2	16	20
30186086	1079	1	21	99
30198572	1451	5	98	368
30213660	49	0	37	47
30225263	758	30	287	543
30370347	241	13	97	210
30441197	16	0	3	3
30468877	6	2	7	7
30513878	779	124	283	801
30516311	87	5	18	35
30648686	16	1	16	20
30691971	265	26	63	225
30717365	757	9	89	166
30830547	1079	10	327	1027
30833791	150	4	26	39
30892088	67	3	45	79
30894847	942	86	278	804
30959736	30	5	15	30
31009560	2	0	1	1
31017501	1	0	0	0
31032516	609	13	77	163
31048556	41	3	13	27
31068257	200	20	57	117
31093027	0	0	0	0
31125840	686	6	113	185
31159912	155	8	61	100
31192632	1176	10	109	220
3121571	80	15	39	58
31218737	454	44	150	297
312615120	2	0	0	0
31286511	0	0	0	0
31294424	748	43	214	793
31298890	947	37	252	549
31300210	872	21	283	999
31349698	35	0	3	4
31399618	0	0	0	0
31407358	343	1	16	25
31448092	305	8	191	383
31474494	0	0	0	0
31490021	211	0	19	30
31495540	1293	8	263	1543
31586459	851	20	152	351
31634214	79	4	30	45
31654535	0	0	0	0
31852149	997	14	52	236
3194251	964	62	446	1260
32147370	2249	41	711	1952
32155320	367	17	193	387
32194972	38	7	39	45
32208505	185	2	34	130
32225044	265	3	49	82
32240125	0	0	0	0
323053839	0	0	0	0
32317545	97	3	36	82
32367777	548	14	110	303
32370674	633	62	152	306
32405545	1848	0	94	322
32432742	241	32	166	296
32445350	41	2	7	10
32449617	7	0	8	8
32471545	20	6	13	25
32472529	2133	127	427	1822
32483879	800	2	78	158
3252161	208	31	101	139
325314604	29	1	6	7
32751984	448	7	31	94
32758901	4	0	0	0
32780436	27	4	10	16
32828368	96	5	67	126
32970996	53	5	31	40
33046213	12	0	0	0
33053218	99	3	66	102
33070962	1	0	1	1
33145841	16	1	9	18
33188097	48	1	12	25
33233261	642	18	99	579
33282365	0	0	0	0
33288620	122	4	86	130
33334575	1062	30	450	1313
333875092	0	0	0	0
33438841	284	0	6	9
33448621	47	8	40	50
33472656	157	10	72	99
33549238	349	9	67	117
33556843	3	2	3	3
33604524	199	4	24	42
33607698	270	2	10	16
336147999	5	0	2	2
33660479	929	53	267	1163
33662040	114	6	80	122
33792234	171	8	62	113
33836835	597	24	320	575
33842451	314	6	35	124
33873705	61	3	31	56
33950479	156	13	17	59
33963254	1032	38	188	822
33979571	461	10	117	186
33980119	532	1	32	45
33980577	124	4	14	16
34016459	541	34	193	452
34091508	146	4	43	97
34122137	1011	3	11	17
34153786	495	0	8	143
34166835	1932	1	12	49
34203215	4	1	4	5
3422521	980	43	313	711
34229936	0	0	0	0
34251890	39	2	12	15
34272278	4	0	0	0
342987327	172	6	25	57
34301461	84	8	48	78
34343307	14	0	5	5
34385986	1239	67	210	453
34479201	177	13	151	230
34499862	2	0	0	0
34503844	869	9	43	126
34507900	86	2	22	32
34547719	1289	4	99	429
34558788	40	0	18	30
34607436	652	3	32	93
34615442	34	4	11	16
34633280	419	22	40	160
34679314	898	70	313	922
34686300	127	1	23	55
34739803	176	5	18	27
34767412	632	14	175	326
34841282	81	1	27	36
34942644	704	44	152	407
35093527	14	1	12	15
35130029	244	6	102	172
352611718	0	0	0	0
35295296	63	7	15	34
35303817	1187	42	272	454
35353520	195	10	85	137
35482440	284	18	129	235
35501643	50	10	34	52
3565601	968	46	362	698
35746488	4	0	3	3
35912678	3	0	2	2
35920861	1038	2	101	304
35950629	3	1	3	4
3596971	224	12	151	213
35995502	241	7	90	153
36006693	177	1	44	99
36039110	9	0	8	11
36053736	370	33	172	256
36079532	36	1	3	7
36100661	52	3	46	51
36181456	851	5	41	73
36225313	212	8	38	134
36230116	566	3	86	219
36247432	84	2	25	81
36299760	0	0	0	0
36309110	134	3	69	131
363741790	12	1	11	24
36388233	4	1	1	3
36490753	365	13	49	157
36552126	4	0	1	1
36570546	78	7	30	61
36646736	760	6	60	278
36669295	703	33	191	416
36741653	2	1	2	2
36826949	770	10	189	481
36834155	925	7	208	879
36890653	48	3	13	16
36945251	311	13	165	326
36979467	61	0	0	0
3698	4	0	3	3
36980528	14	0	3	14
37005199	146	12	53	123
37133346	6	1	1	1
37180455	667	0	0	0
37292899	1013	22	190	998
37329416	0	0	0	0
37338449	1	0	0	0
37339786	115	6	43	98
37424923	636	23	301	666
37448494	0	0	0	0
37506287	125	2	59	98
37577610	5	0	0	0
375811499	479	3	254	801
37581950	300	5	49	101
37582767	328	5	58	78
37626250	959	14	100	344
37683965	409	80	389	826
37713183	38	5	22	31
37736075	110	4	42	50
37757695	64	14	70	136
377865733	0	0	0	0
37791754	357	33	280	614
37847991	164	10	56	126
37917349	380	22	168	284
37924059	1	0	0	0
3799971	1308	271	452	811
38039586	303	8	153	204
38044676	415	14	44	105
380579901	608	14	69	125
38072780	144	3	14	15
38216421	17	0	1	1
38277093	563	32	171	412
38304280	144	18	40	73
38346969	4	0	3	3
3836111	82	0	20	24
38382955	167	32	65	195
38383860	383	6	47	92
38558447	782	34	237	482
38589688	113	2	25	68
38593466	4	0	1	3
38626080	12	0	5	5
38769609	905	0	28	590
38807053	13	3	5	6
38813417	73	0	4	11
38901906	2	0	0	0
38903572	70	1	11	13
39031632	7	1	6	6
39106555	6	0	6	6
39209051	179	7	20	42
39253798	21	4	9	13
39278843	109	9	42	73
39278893	165	5	47	73
39356540	273	36	137	368
39419653	116	1	22	25
39420254	1258	15	493	2027
39423255	63	3	33	38
39449253	0	0	0	0
39467451	315	32	144	373
39496943	153	25	86	118
39580347	786	47	240	903
39599627	382	15	85	200
39656200	270	5	171	319
39661451	2281	159	814	2186
39681387	312	4	87	301
39814315	42	3	25	35
39836223	748	10	54	207
39905978	433	27	171	408
39952560	31	1	9	10
39953	599	12	280	938
39955765	206	7	36	64
40002696	1079	18	295	1641
40037952	0	0	0	0
40086241	266	5	35	47
40133452	1	0	0	0
40147194	124	0	2	2
4018591	545	12	23	121
40197268	34	1	3	3
40206304	1192	30	334	674
40245922	14	0	4	4
4025621	121	0	1	1
40357380	905	44	654	1537
40380213	1	0	2	2
40390993	433	2	94	219
40394584	84	2	49	63
40401469	62	12	45	77
4051131	2203	32	419	1391
40631759	589	36	409	634
40719713	254	9	76	139
40761898	1540	33	443	1470
40797843	1097	72	466	1397
40799562	1698	4	51	102
40817446	843	19	124	643
40848654	4	0	1	1
40852937	8	2	3	5
40863381	108	2	51	102
40872409	74	4	71	114
41059185	380	21	70	194
41115058	0	0	0	0
41120162	2	0	0	0
41234221	1009	2	473	1232
41369699	82	7	18	23
41396697	786	4	342	816
41502858	15	1	6	9
41544239	45	5	22	47
41657821	151	6	76	117
41680415	1580	0	15	17
41705637	45	6	27	40
41754607	362	16	88	447
41784098	194	5	39	60
41825510	204	9	72	172
41875809	802	41	333	800
41898972	326	23	40	46
41967707	332	2	22	52
41977521	2	1	1	1
41998153	13	1	10	15
42022013	0	0	0	0
42037838	263	6	32	127
42062967	21	5	23	29
42158011	988	6	49	102
42243962	85	0	13	13
422874257	26	2	17	29
42331373	269	5	19	43
42332530	0	0	0	0
42386837	138	8	63	153
42482888	228	15	66	105
42486446	198	21	186	254
42493016	723	1	31	87
42577751	233	12	49	70
42698117	105	2	70	151
42836778	789	17	387	710
42866924	829	3	11	23
42870865	1936	35	534	1292
42991860	398	8	131	268
43006345	31	12	32	42
43008912	301	7	65	100
43017471	39	3	17	24
43064317	173	11	100	146
4307151	21	1	14	18
43071869	410	12	123	219
43169079	101	7	16	100
43190211	8	1	6	9
43215463	1293	28	364	1512
43304444	2	0	1	1
43314219	438	19	64	160
43329179	829	46	423	686
43441844	40	1	17	20
43472138	448	28	304	489
43479178	971	3	26	54
43491523	278	8	30	151
43496567	254	12	72	214
43560553	112	0	17	18
43680367	29	1	2	2
43757836	161	9	41	90
4376581	370	9	116	284
43848378	1500	31	400	727
43848728	82	4	49	68
43852501	262	6	37	71
43913887	380	34	86	259
44067224	80	15	84	142
44086632	400	9	32	123
44163280	110	8	61	102
44265678	697	8	285	469
44275458	3	1	2	2
44313616	0	0	0	0
44325779	849	76	198	501
44337402	204	5	98	281
44345496	25	0	5	7
44365291	363	10	31	82
44382559	898	66	358	1050
44415297	333	2	77	180
44457821	563	21	171	383
44463975	5	0	4	4
44503983	99	3	8	16
44516004	2	0	1	1
44516756	36	1	12	23
44641439	185	1	3	3
44662993	63	4	55	89
44681253	1595	26	492	1025
44697048	108	13	57	98
44697971	1155	21	250	363
44734865	30	2	20	24
44778322	902	25	443	746
44793874	1	0	0	0
44798027	429	21	149	360
44892782	217	0	3	3
44958305	63	4	37	76
44964452	68	2	54	84
44988339	649	70	241	663
45122528	352	2	34	73
45129231	40	2	24	39
4513631	410	37	154	304
45137569	259	11	205	290
45152811	503	16	113	322
451551295	59	3	45	66
45177092	13	0	6	7
45302221	112	8	61	90
45461709	145	5	69	140
45500410	55	0	16	27
45525406	355	19	75	94
45682575	17	3	5	13
45693699	0	0	0	0
45766055	1061	82	276	969
45790313	668	6	79	309
45794174	1	0	1	1
4593531	0	0	0	0
4595511	63	1	10	11
46106353	628	11	226	339
46147161	76	15	48	71
46196044	615	99	407	610
46257724	98	7	25	83
46271052	0	0	0	0
46290631	61	3	27	48
46301002	1041	3	15	23
46325903	0	0	0	0
46340035	375	1	80	167
4639711	26	0	16	16
46414897	1238	9	336	1750
46508878	146	4	38	92
46819884	27	6	35	42
46821691	555	1	36	60
46827411	0	0	0	0
46923743	561	2	143	285
46954001	1057	48	408	947
469627023	388	11	150	287
46991236	66	1	37	57
47010888	0	0	0	0
47041596	22	0	13	15
47052169	168	1	73	97
47091719	439	44	217	473
471265814	1123	1	54	380
47213290	56	8	15	20
47406869	1624	39	414	1115
47414308	135	4	110	173
47637937	503	19	57	133
47751926	21	2	12	17
47775245	88	2	21	30
47791735	178	3	57	93
47841264	42	3	13	19
47860682	1162	1	94	603
47871533	310	8	53	104
47878332	418	6	60	108
4796521	171	0	50	72
47989953	406	0	46	115
48062773	0	0	0	0
48063605	89	1	19	25
48280375	160	1	5	9
48285205	21	1	22	26
48329145	809	9	418	748
4839341	6	1	3	5
48400627	368	0	23	26
48447555	354	4	72	172
4856081	180	11	150	251
48575278	75	5	12	13
486872652	221	0	31	95
48914917	16	0	7	12
48966021	27	1	6	6
49037629	1	0	0	0
49113254	802	33	175	497
49121165	14	1	15	24
4917311	137	5	49	77
49194062	256	1	30	40
49273816	27	4	12	53
49354997	5	2	6	6
49518326	592	12	144	216
49551328	1	0	2	2
49647604	40	0	1	1
49679729	387	22	105	434
49762392	127	3	58	75
49824999	1259	1	17	38
49831212	308	2	209	337
49896828	2	1	1	2
49942692	3	0	1	1
49984640	0	0	0	0
50003964	13	0	11	21
50025309	96	13	22	54
50146790	27	0	6	8
50223835	0	0	0	0
50256956	166	12	34	112
50517128	140	6	87	196
50548378	297	13	102	162
50684854	25	0	15	19
50689856	1215	29	408	1269
50771293	1372	34	369	624
50799770	1	0	0	0
50827654	618	6	165	406
50911313	896	17	100	188
50915272	43	5	10	13
50958567	342	11	52	136
50960532	460	21	93	232
50971777	0	0	0	0
50990523	403	11	70	104
51004774	7	2	5	6
51084226	713	11	53	216
51137171	253	8	39	86
5114051	216	15	79	149
51331674	222	2	14	19
51501902	12	0	5	6
51654497	9	2	5	7
51747484	479	3	46	303
51791993	41	3	18	37
51929088	981	0	10	20
51965808	3	0	2	2
52252613	298	0	1	1
52294496	7	0	6	6
52378473	3	0	1	1
52481271	57	13	45	57
52536903	26	1	2	3
52647592	0	0	0	0
52647699	0	0	0	0
52740039	286	2	78	127
52859884	3	0	3	3
52901494	67	0	28	35
52927291	101	5	35	67
52940205	357	1	8	27
52963282	232	18	80	158
52997483	43	0	16	17
53050515	47	5	29	47
5307232	711	14	229	508
53291871	471	3	26	68
53342860	1	0	0	0
53374162	2	0	1	2
53416764	68	2	14	28
53474560	41	17	28	49
5357362	175	13	94	163
53608103	149	1	51	80
53636206	27	3	8	10
53675771	138	4	61	146
53691059	229	0	2	2
53695861	0	0	0	0
53707907	86	6	16	18
53785759	2117	545	2318	2497
53880450	23	0	7	12
53911301	831	45	292	1823
5402532	0	0	0	0
5408532	28	1	5	13
54156519	0	0	0	0
5418822	1465	4	23	40
54190767	519	13	114	301
54304657	17	16	17	17
545463	777	23	221	479
54627967	0	0	0	0
54656092	12	1	8	13
54837001	905	38	394	1093
54976200	348	5	31	87
54997986	119	1	11	32
5500622	155	23	80	141
5501622	25	0	9	12
5507042	300	32	94	223
55118105	214	5	85	191
55119216	0	0	0	0
55155950	0	0	0	0
5516072	34	2	30	41
55173205	256	2	29	142
55174534	7	0	2	2
55215413	582	11	133	215
55233172	652	1	15	125
5531562	128	23	125	183
5531812	2841	0	11	36
55488921	53	8	27	38
55500411	163	16	80	147
5553432	513	28	268	555
55538549	2	0	0	0
55778958	196	10	44	62
55849164	452	12	82	218
55869041	300	23	121	192
5587072	0	0	0	0
55982157	11	2	20	23
56074360	1	0	0	0
56141057	2	0	1	1
56322107	156	0	2	2
5633202	125	16	53	114
56398657	1237	10	210	517
5648312	2	0	2	2
56569842	117	3	34	54
5659882	12	0	10	10
56620265	49	2	19	46
5664842	125	16	34	64
5666172	173	2	106	147
56840421	126	1	55	76
56943133	3076	384	959	3329
5705642	1081	16	465	872
57072038	229	2	62	83
57130237	10	0	3	5
57148195	1573	15	530	1687
57211186	5	0	0	0
5722362	527	20	132	366
57237861	66	6	35	55
5724882	16	1	5	9
57257518	310	4	120	169
57319621	1	0	1	1
57403590	345	1	2	2
57416192	245	1	7	27
5754922	485	17	79	179
57590201	6	0	6	6
57648795	451	5	26	60
57717325	75	2	36	43
5771742	477	1	31	121
5775172	733	56	413	936
57810700	8	3	8	9
57854825	316	3	17	24
57861592	44	4	20	28
57915272	318	16	115	707
5800102	13	1	3	3
58042957	184	1	17	17
58049666	1206	23	568	1293
58133688	268	4	55	147
58211534	6	1	1	1
58376649	1402	27	141	778
58390436	136	1	11	46
5840492	34	6	20	27
58424551	351	6	28	61
5842752	12	1	5	9
58464480	32	0	10	16
58476560	0	0	0	0
58651235	1	0	0	0
58713095	425	12	53	110
58729934	472	15	342	466
5884	325	5	25	68
5893952	236	1	7	19
59008111	664	40	337	605
5910712	301	10	177	291
59157293	343	22	97	320
5929832	210	5	23	42
59343689	53	3	14	18
59434762	142	12	43	141
5944042	12	1	3	3
59472210	189	15	67	145
59474509	29	7	14	30
59475650	2772	28	242	12321
5947942	190	3	38	73
59513811	3	0	2	2
59566474	390	9	199	494
59689784	19	0	5	15
59760315	376	7	24	36
59822347	233	10	69	170
5982252	531	3	11	16
59827859	63	13	28	51
59841755	6	0	3	5
59843541	233	22	50	143
59857506	0	0	0	0
60090873	11	0	7	7
60117154	105	0	11	49
60265271	118	2	14	30
60364559	62	2	30	69
60369792	1	0	1	1
60488657	460	0	57	243
6054612	715	75	258	784
60569498	36	0	2	6
60725870	1037	9	40	61
6076152	891	5	45	131
608283	204	16	103	218
60856154	8	0	2	2
60881698	193	10	44	69
60920829	60	2	4	6
60924547	4	0	2	2
6095492	0	0	0	0
61091550	52	0	5	7
6116452	1	0	0	0
61235322	34	5	30	50
61245536	187	6	13	163
61341907	0	0	0	0
6140062	409	6	46	123
61411402	1866	10	236	904
61438636	483	4	42	52
61444274	69	1	44	68
61465268	649	41	99	266
61723186	9	0	6	6
61723488	0	0	0	0
61787925	194	47	101	212
61826204	0	0	0	0
61862990	7	0	2	2
6199502	637	29	249	380
62041930	113	1	23	75
62055655	0	0	0	0
62177528	136	1	19	41
62180632	16	3	6	12
62194049	8	0	0	0
62200219	26	1	3	4
62223013	421	0	2	116
62238048	228	3	23	83
6235442	288	20	55	140
62358436	273	1	33	176
62436508	0	0	0	0
625053	610	16	409	759
62521980	115	10	27	74
62561376	33	0	8	9
62607630	202	12	98	196
6262622	176	7	92	152
626953	233	17	103	178
62695557	483	5	73	216
62777902	78	9	25	64
62807455	192	32	98	240
62836936	151	10	40	53
62866827	224	3	86	151
62889937	1191	1	4	4
62959404	39	8	27	43
63023937	82	7	51	82
63027576	184	7	56	136
63063758	20	0	10	10
63088962	585	30	194	483
63297282	0	0	0	0
63368550	47	1	32	46
63430712	99	2	23	28
63459197	591	14	45	129
6350332	170	15	65	97
6354842	546	28	256	645
63722231	96	3	12	17
63942038	375	8	74	159
64035403	12	1	6	10
64134381	1	0	0	0
641483	368	6	119	234
6420492	359	0	20	26
64249659	641	10	231	378
64287940	45	1	7	15
6430212	339	11	158	222
64372692	275	10	109	256
6448682	1	1	2	2
64571289	73	0	15	31
64585147	165	1	55	67
646103	108	24	61	115
64634756	13	3	7	8
64679638	53	1	25	40
6473582	64	4	14	55
64736409	207	19	91	150
64907465	53	1	33	51
64999443	89	1	7	31
65040367	308	8	17	58
65176580	1	0	1	1
652	650	22	212	616
65217644	49	6	7	22
65224121	0	0	0	0
65285738	1	0	0	0
65299057	22	5	13	18
65373171	65	2	6	6
65392360	396	21	61	128
6549672	895	9	81	155
6568262	517	5	97	154
6577982	2787	137	2114	4409
65939137	470	2	5	30
6601642	127	4	71	119
66156073	19	3	9	22
66165922	235	2	17	34
66214678	21	0	4	7
66216534	67	5	13	24
6624292	335	17	87	136
6636082	349	10	38	66
66379938	94	6	36	45
66484888	1104	3	35	45
66599159	5	1	3	5
6661402	98	9	71	132
66669420	1	0	0	0
66741680	23	0	2	2
66835709	8	0	6	7
66837862	31	0	6	6
66968782	0	0	0	0
67053584	0	0	0	0
67151012	1000	12	148	369
6722282	632	41	151	361
6722672	3	1	1	1
6722732	160	8	103	179
67253659	275	13	47	97
67259735	1044	12	170	1133
67351231	710	14	237	616
6746022	980	55	279	576
67544217	83	3	19	22
67558537	314	2	6	11
67588820	132	4	8	21
67688220	1313	151	641	1672
67715153	15	1	6	6
67799359	3	1	3	3
6782482	10	0	0	0
67844130	20	13	23	29
67854424	37	4	6	7
678723	40	2	10	10
68052920	41	12	19	30
68095735	42	3	22	42
6811622	407	4	31	51
68151648	100	4	8	27
68170397	13	0	6	6
68301260	0	0	0	0
68334404	0	0	0	0
68385043	10	0	0	0
68399495	372	17	103	439
68549202	416	0	2	2
6856442	1071	101	389	1594
68569702	11	3	5	6
68693255	105	8	18	49
68697766	715	20	352	775
68743033	538	8	123	324
68831933	426	32	257	404
68884192	5	0	2	2
68901744	141	0	3	5
68914729	31	0	0	0
68972744	315	11	120	290
69163147	45	10	29	55
69196990	57	0	8	14
69352251	34	2	13	28
6939532	168	1	5	5
69564736	449	24	106	426
69644593	0	0	0	0
69682524	1834	31	661	1809
6969752	13	1	13	17
69750573	333	6	162	391
69754358	18	1	14	16
69770326	139	1	9	14
6977972	155	14	127	191
69808093	0	0	0	0
6982602	191	1	38	88
6986432	160	20	123	178
69868178	621	101	433	892
69992291	2	1	1	2
70010370	658	23	201	725
7005112	323	6	113	191
70118648	33	0	2	3
70297622	60	1	15	27
70338949	60	2	24	60
704143	0	0	0	0
7046422	21	0	5	9
705723	28	3	27	39
70603123	363	13	45	123
70632127	1389	44	211	1347
70887016	183	5	7	13
70911246	13	4	10	11
70924441	893	12	91	534
70931634	2701	1	4	5
7097892	365	2	43	127
70982211	56	2	15	27
71015835	206	7	124	227
71063179	7	0	2	2
71130449	49	5	22	45
71191307	135	5	22	90
71196740	987	22	260	493
71216364	9	0	4	6
712453	26	0	8	25
7127912	361	22	222	372
7137982	290	40	188	325
71439089	461	18	254	525
71447670	2	0	2	2
71565887	1	0	1	1
715803	851	11	202	460
71592174	576	28	115	481
7175592	12	1	13	13
71768722	0	0	0	0
718	1431	47	682	1348
71833314	215	12	34	67
7193842	260	26	172	279
72005363	20	8	24	44
72054820	43	4	17	29
72087883	66	0	6	7
72107580	400	13	87	160
72133612	185	4	45	71
7216352	149	2	12	12
72202406	3	1	1	2
72266178	2	1	1	1
72268183	11	0	1	5
72306712	1	0	1	1
72511082	76	11	26	44
72569208	278	0	191	276
72602268	15	1	9	10
72665429	15	0	1	1
72711262	15	1	14	14
72741590	1044	52	229	783
7275702	5	1	5	5
72842685	1	0	1	1
728583	71	2	13	19
72982152	148	13	28	39
7299242	942	0	71	208
73026850	31	13	23	30
7306832	412	20	171	322
73117040	163	17	105	210
73155522	285	34	91	145
7321402	706	35	284	479
7327462	50	4	44	47
73343912	199	19	112	233
73387078	1489	13	199	1621
735623	154	23	75	135
73569952	8	1	7	8
73715598	165	5	30	70
73753168	61	1	68	79
73863753	38	0	3	5
73883314	74	4	28	48
7390132	154	4	16	22
73937068	17	3	13	15
73978932	55	0	9	19
74018093	0	0	0	0
74151979	1	0	0	0
74245028	0	0	0	0
74338936	785	59	578	1146
74647241	50	0	5	5
74656344	26	4	26	31
74660202	64	4	46	81
7478732	238	5	79	202
74793864	331	32	227	380
74818827	9	2	9	10
74826138	14	0	3	7
748773	8	0	4	4
74891064	118	4	41	63
74922013	277	12	41	59
74946915	39	0	6	49
75014456	849	25	48	364
7501802	117	14	78	104
75063	44	6	37	59
75074581	8	0	5	5
75083546	117	0	4	5
75230216	307	15	103	200
7533352	187	7	112	177
754972	76	9	35	73
754976	969	83	427	1155
75513933	19	6	23	25
75580389	329	9	115	273
75586815	445	3	45	65
75771482	456	50	259	471
7582812	1621	27	480	959
7583782	382	10	120	167
75882998	0	0	0	0
75923281	141	7	68	96
75945167	0	0	0	0
75986937	109	4	16	40
7610682	1021	9	188	700
76244848	2407	35	387	1838
7631692	13	0	16	17
7634352	429	46	126	363
76344921	1632	55	279	1147
76492543	354	6	29	48
76521990	539	4	16	30
76706375	393	21	127	237
76913239	13	1	7	9
76929671	52	0	21	27
77113207	49	2	9	10
77169032	65	0	1	1
77283619	1474	8	316	1143
77669541	0	0	0	0
77746859	50	0	1	1
77913714	474	11	46	72
7805572	1825	24	782	1605
78078516	208	4	75	172
78108982	0	0	0	0
78247357	1298	55	440	1093
7829602	155	14	34	130
783252	433	28	234	365
78327136	34	0	20	25
78340568	226	10	84	153
78384339	9	2	7	7
78508644	3	0	0	0
78564795	24	2	11	15
78701740	324	9	100	269
78733838	1	1	1	1
78783334	23	3	16	17
78908728	95	3	12	14
78937403	173	6	26	43
78948600	278	6	31	85
78970841	29	0	4	7
7899242	486	53	255	449
79063517	177	23	48	113
79173713	58	3	8	18
79204012	6	0	3	4
7920612	290	14	58	83
79212433	188	5	70	122
79265758	22	5	15	24
79320263	257	6	46	143
79329477	1349	148	568	1490
79547763	111	3	84	114
796337	476	7	183	557
79640251	2689	6	44	73
79766063	207	1	7	8
79788195	0	0	0	0
79809974	306	5	13	19
79956199	0	0	0	0
80054504	57	2	15	26
80056750	1	1	1	1
80061612	103	2	23	58
80183207	60	1	9	12
802492	57	0	5	5
802659	14	2	2	3
80301618	11	0	2	2
80318789	25	0	2	5
804928	78	3	20	29
80496310	159	22	70	175
80625316	216	10	86	226
80692154	959	61	398	753
8071792	87	2	36	46
80816399	10	1	1	2
80898006	69	1	51	82
81088544	84	5	13	31
81093412	0	0	0	0
81292724	272	0	82	130
81307630	639	26	126	368
81318052	0	0	0	0
8133042	42	3	23	37
814839	84	5	53	90
81649741	7	0	2	2
81674989	13	0	0	0
81810694	0	0	0	0
8183512	1165	58	224	806
818379	387	14	100	110
81861136	0	0	0	0
81882001	0	0	0	0
81909218	5	0	0	0
81919736	662	6	34	59
819457	186	9	156	254
81966010	0	0	0	0
82084905	14	2	3	3
823131	247	0	158	227
8235332	302	4	120	247
823736	1451	16	209	493
8248262	116	18	58	109
82482668	2	0	2	2
82524942	6	1	1	1
82580055	333	1	46	55
82681394	206	19	116	200
82759121	171	2	34	48
82782165	94	2	6	11
8280182	227	40	152	248
82807120	4	0	1	1
82846726	0	0	0	0
83061855	9	0	0	0
8308102	748	58	394	670
83104302	195	4	39	67
83281942	10	3	6	6
83288892	289	45	127	298
83355074	224	1	11	24
8340712	460	30	158	286
83409228	3	0	0	0
8345852	269	5	60	109
83506316	27	2	15	23
83515009	0	0	0	0
8359042	399	18	102	176
83632732	137	2	11	16
83794733	0	0	0	0
83856685	82	2	7	13
8387282	169	8	96	152
83880977	476	45	222	416
83963349	71	5	24	31
8407392	401	86	340	905
8408752	724	50	549	1050
8409242	1	1	1	1
84471004	128	12	61	91
84499168	1096	64	308	895
84537718	112	2	20	27
84559806	232	3	30	126
8469762	157	2	25	39
8497822	304	19	173	230
85002019	150	12	32	99
85065234	266	20	43	147
85266921	21	0	1	1
8536402	472	11	53	77
85410817	22	2	9	18
8548912	201	5	43	144
85518739	27	0	6	7
85578245	41	4	22	29
85822128	279	14	126	192
85845596	830	58	379	629
86001397	2	2	2	2
86048620	1	0	1	1
8619792	29	6	26	32
86231401	28	1	8	12
86247335	0	0	0	0
86298977	20	11	13	32
86633633	36	2	13	26
86669081	0	0	0	0
86726776	3	0	4	4
86777096	741	6	77	269
8679682	62	6	39	61
86852927	49	1	3	15
86935243	3	0	2	2
86971138	48	2	13	16
8705332	69	6	38	54
8710682	486	36	147	273
87226871	758	13	220	553
87452723	677	5	90	203
87484718	33	1	19	24
87487697	212	2	12	22
87548291	229	13	80	97
87558613	6	0	7	12
8758122	386	20	173	292
87602857	581	82	301	698
87619863	48	4	5	6
87741649	4	2	2	2
8790802	517	29	97	159
88104034	1723	72	370	2751
8813202	242	37	179	324
88223074	2426	44	195	1205
88259371	209	29	80	144
88271581	1110	10	61	533
8838742	1575	97	574	1490
88428751	0	0	0	0
88634327	194	9	35	93
88665511	458	17	45	84
88667709	571	13	42	195
88841601	1	0	1	1
88846686	484	19	250	429
88951715	49	9	28	45
8920302	312	31	178	281
8920472	107	6	82	95
89400252	28	2	10	11
89495381	122	9	19	26
8956652	847	31	195	604
89568255	4	0	2	5
89970721	216	5	103	199
90022303	2	0	1	1
90026164	205	0	35	49
9008172	13	2	9	16
90087594	24	1	7	12
90211332	25	0	3	3
9024842	334	23	72	226
90373198	178	6	24	29
9037522	334	22	97	167
90438591	204	0	6	6
90607738	18	3	11	18
90653735	0	0	0	0
90880528	294	22	122	388
90999353	22	4	22	28
91192103	8	0	5	5
91243935	141	6	44	87
91280159	495	1	44	68
91307247	29	0	1	1
91390346	186	6	122	190
91559535	289	12	39	65
91588176	46	0	18	21
91727434	153	7	64	129
91838091	216	13	81	204
9188692	370	37	224	371
91922460	193	4	16	27
91947487	8	0	2	2
9198582	15	0	5	7
92015635	0	0	0	0
92063353	4	1	4	6
92063978	69	0	2	3
9218402	264	11	142	337
922	1515	113	814	2343
9225472	285	3	67	135
92671156	36	4	15	24
9272772	139	10	84	128
92729850	107	2	18	28
92734703	1	0	1	1
92841291	25	0	11	16
9288992	915	80	465	1049
9292262	626	57	215	634
92971519	556	0	4	14
92989140	656	62	268	850
9340392	807	5	105	136
93450724	5	0	2	2
93778247	4	0	0	0
93884713	280	23	86	214
93949498	86	11	24	34
94014122	75	3	20	40
94019697	1075	35	207	856
94074400	5	1	4	5
94230093	1	0	0	0
94266033	1322	14	202	1129
94473973	12	1	7	9
9450082	987	0	71	127
94831900	910	14	81	213
94930888	0	0	0	0
94985292	2	0	0	0
9512222	25	3	26	30
95663680	52	0	0	0
95709243	17	2	6	8
95746307	374	18	92	211
95874219	29	0	7	37
95912884	1633	47	816	1966
95933712	5	0	0	0
96031332	105	1	2	20
9609312	186	17	104	204
96162322	154	1	4	4
96167276	632	11	75	102
96214897	0	0	0	0
963121	2477	292	1660	4855
96453575	70	17	38	83
9645552	494	34	294	556
96490974	524	0	0	0
96513720	246	1	16	36
96545290	66	1	69	94
9663982	20	1	2	2
96747356	1	0	1	1
96766847	180	8	35	107
96918696	0	0	0	0
96928939	189	2	33	48
96940562	5	0	2	3
96940707	114	2	6	7
96969818	121	2	6	11
97042802	260	1	10	20
97144332	5	2	4	4
97176231	134	4	6	19
97230083	710	6	16	32
9729582	77	5	10	20
97341976	43	2	53	71
97346660	137	2	46	145
97395668	1	0	1	1
9743882	233	47	133	255
97518225	0	0	0	0
97567452	553	11	87	192
97575486	0	0	0	0
9768492	609	12	190	540
97725494	1262	46	323	1852
97742634	0	0	0	0
97758056	55	3	8	39
97882016	49	2	29	40
9792182	49	5	21	40
98009967	121	11	21	32
98070483	149	15	36	119
9830652	450	14	174	477
98338061	439	79	135	307
98402910	51	3	19	55
9843562	399	14	75	145
98546683	528	8	104	267
98613217	26	0	21	26
98644283	47	10	14	30
98796890	149	32	69	191
98903069	294	22	164	296
98986455	317	12	77	178
99010594	1595	26	372	1236
99069128	283	0	0	0
9919612	33	3	17	30
9920972	179	2	60	100
99375768	319	3	33	68
99470024	185	0	27	59
9949322	143	31	104	191
99563653	331	4	127	301
99651520	25	3	8	8
99702943	596	22	78	364
99814328	504	8	108	320
99838480	166	19	55	127
99929047	2	0	0	0
9993492	1956	127	378	1844
