652	0.00425683222013	2368	466	0	313
718	0.00563830188367	1764	1216	0	512
922	0.0207410452127	1684	1222	0	239
1488	0.00556267272014	2038	572	0	314
5884	0.0121832480163	2703	1136	0	2066
13485	0.00555942851129	3126	938	0	367
13833	0.00489605137242	3101	667	0	366
22573	0.0551039076855	2811	1466	0	3065
39953	0.0222358470658	2634	1072	0	870
117733	0.00718596100789	3098	472	0	275
222723	0.00789223930729	1482	505	0	70
269933	0.0193979651129	2001	1103	0	307
545463	0.00697409973544	2429	1052	0	942
608283	0.011655878197	2986	830	0	304
625053	0.00897458254629	2581	1670	0	1165
626953	0	0	0	0	0
641483	0.0234029281853	2861	949	0	94
646103	0.00846411953432	2207	201	0	655
715803	0.00471927208244	2341	1132	0	936
728583	0.0160483315767	1692	754	0	413
735623	0.00547081248306	3073	1090	0	656
754972	0.00745684954891	1698	150	0	76
754976	0.0115580529478	2243	1333	0	1290
783252	0.00421864258725	2786	1669	0	655
796337	0.0140984121318	2757	378	0	411
804928	0.0484182015321	484	278	0	61
814839	0.00671530101085	3128	461	0	621
818379	0.00878631301038	2817	1357	0	579
819457	0.0107538143731	3013	714	0	404
823736	0	0	0	0	0
1026101	0.0244056644708	1781	576	0	240
1338871	0.00696067843044	2513	1438	0	1183
1463211	0.00831150028685	3129	657	0	1105
1512391	0.0465332802565	1192	475	0	327
1632511	0.0194516268625	2075	919	0	478
1642281	0.0239030053254	1874	1254	0	696
1736961	0.0108502971894	2038	851	0	1265
1919091	0.0163036471722	2990	929	0	822
1937711	0.00365354267037	1907	903	0	477
1940141	0.0399072413047	931	226	0	35
2044691	0.00651585203649	3008	879	0	97
2126061	0.0196081455044	3140	593	0	362
2212031	0.0575340527436	2549	1240	0	358
2273851	0.023343219182	2742	1268	0	487
2318461	0.0105265494921	1298	216	0	314
2675801	0.00899114404335	2388	610	0	461
2726361	0.00658391614286	2913	1188	0	780
2775831	0.0101096491324	2889	526	0	433
2790321	0.00909600085155	3117	1024	0	2369
2857031	0.00960612573567	2600	2017	0	764
2963011	0.0293036228667	2470	2090	0	1403
3121571	0.00689842257904	2336	445	0	376
3194251	0.00605019493702	2268	1014	0	384
3252161	0.0373832407059	3027	1301	0	2625
3422521	0.0174249408031	2249	1163	0	373
3565601	0.00529084707978	2240	566	0	475
3596971	0.00829480370884	1377	295	0	343
4018591	0.00441630198194	2628	1336	0	195
4051131	0.00482816725103	1041	392	0	82
4376581	0.00622537942714	2227	594	0	540
4513631	0.00551057703751	2772	878	0	1982
4595511	0.0064863523228	1620	298	0	198
4856081	0.0153089217435	1477	709	0	397
4917311	0.00876131757162	3060	317	0	175
5114051	0.00521861287906	3008	701	0	701
5307232	0.020016219047	2486	1595	0	1243
5357362	0.00584545501797	2643	566	0	468
5418822	0.00925595308714	1319	959	0	65
5500622	0.0136420339074	2573	232	0	1996
5507042	0.00691155557708	2931	651	0	1430
5531562	0.00821971400003	3069	829	0	780
5553432	0.0344480672825	2705	934	0	2956
5633202	0.00788759516013	2156	203	0	199
5664842	0.00780773127191	3097	550	0	549
5666172	0.00790073084984	1183	608	0	1242
5705642	0.00449585650822	2114	848	0	37
5722362	0.0635781461617	2670	1074	0	398
5754922	0.0713582277756	2735	1756	0	457
5771742	0.197138466144	2728	1813	0	1443
5775172	0.011592819086	2183	1341	0	858
5893952	0.00379997165173	2996	1062	0	111
5910712	0.0212823530771	2309	1224	0	1676
5929832	0.00401367446309	3012	936	0	65
5947942	0.0471125514033	3009	1584	0	518
5982252	0.0260124860431	2687	1241	0	522
6054612	0.0446080778152	2466	2096	0	880
6076152	0.0110121425535	2331	1337	0	93
6140062	0.100269654685	2794	1895	0	129
6199502	0.0254224807238	2581	2185	0	2368
6235442	0.0497547206106	2930	430	0	142
6262622	0.00981823505676	3023	701	0	825
6350332	0.00681457132649	3068	246	0	517
6354842	0.0063115712298	1993	168	0	535
6430212	0.00472485959603	2374	748	0	731
6473582	0.00955482755424	841	227	0	290
6549672	0.0555766423708	2316	1880	0	277
6568262	0.076463681335	2691	1825	0	142
6577982	0.0371617287474	391	330	0	239
6601642	0.00800280547056	2889	503	0	552
6624292	0.00557028961215	2901	829	0	963
6636082	0.0394805334932	2861	2703	0	2033
6661402	0.0603028070294	1376	666	0	165
6722282	0.0297693171458	2591	1413	0	718
6722732	0.0789105161361	548	162	0	330
6746022	0.00682422642297	2221	347	0	399
6811622	0.0284576285214	1811	916	0	349
6856442	0.0130001320604	2128	512	0	195
6939532	0.0171094155852	3065	1612	0	4956
6977972	0.00613482980062	3057	689	0	317
6982602	0.00643568192317	2134	712	0	693
6986432	0.0148246314735	3040	1147	0	951
7005112	0.00722110139508	2851	1302	0	302
7097892	0.00790479060434	1889	833	0	268
7127912	0.0039412079356	2850	1214	0	1666
7137982	0.00593870796552	2938	777	0	762
7193842	0.00778488682701	2949	1061	0	644
7216352	0.0116227580432	2142	774	0	165
7306832	0.00584121727848	2829	518	0	564
7321402	0.00863387959418	2481	1044	0	718
7390132	0.00566404012909	2843	374	0	1090
7478732	0.0141792900379	1459	364	0	356
7501802	0.00844922004678	3094	1876	0	458
7533352	0.00697525748983	3051	738	0	974
7582812	0.00733453246843	1592	971	0	174
7583782	0.00535511294465	2796	1567	0	345
7610682	0.0195101826737	2211	1311	0	928
7634352	0.00535868791062	1071	386	0	96
7805572	0.0154700623675	1412	975	0	1357
7829602	0.012881914764	3089	322	0	732
7899242	0.00630793693538	2715	1242	0	1103
7920612	0.0445013492111	2916	1655	0	734
8071792	0.0100456153221	3135	825	0	1322
8183512	0.0568647421466	2051	1904	0	299
8235332	0.0637007462194	2918	1641	0	1344
8248262	0.00853870652136	3098	955	0	751
8280182	0.022860981912	2977	944	0	1182
8308102	0.00410523060623	2471	852	0	230
8340712	0.011332086643	2763	1756	0	1002
8345852	0.00738234218403	2925	568	0	384
8359042	0.0285877939978	2564	1494	0	809
8387282	0.0155217933074	909	292	0	288
8407392	0.00826027970137	2743	507	0	736
8408752	0.0256574196487	2484	1803	0	1243
8469762	0	0	0	0	0
8497822	0.0048777842924	2910	1879	0	308
8536402	0.00306691218392	2754	828	0	55
8548912	0.0134299701475	2566	1110	0	538
8679682	0.00556381333666	1116	398	0	347
8705332	0.0261154301029	3158	819	0	581
8710682	0.0271118583466	2712	1193	0	935
8758122	0.00694571661932	2826	1265	0	387
8790802	0.00418464677287	2719	1033	0	543
8813202	0.00793634672226	2993	1109	0	881
8838742	0.00952998571181	1628	1113	0	866
8920302	0.00562790428378	1656	466	0	243
8920472	0.00993505992981	1498	574	0	892
8956652	0.0192454030653	2356	1702	0	702
9024842	0.0207552616818	2896	731	0	532
9037522	0.0199415143376	2855	1523	0	253
9188692	0.00544517975753	2862	1491	0	1752
9218402	0.00767846912849	2778	359	0	289
9225472	0.0215145789539	2923	998	0	1126
9272772	0.0381170837646	2189	919	0	126
9288992	0.0102679889864	2315	1035	0	196
9292262	0.0152076934985	2576	1326	0	263
9340392	0.0107734023688	2411	1399	0	640
9609312	0.0302915155934	2009	433	0	565
9645552	0.00504470624013	2711	1358	0	792
9729582	0.00623453055874	3162	234	0	791
9743882	0.0280561458091	2955	1218	0	1676
9768492	0.0465841130209	2596	2529	0	492
9830652	0.129882525623	2740	1719	0	1043
9843562	0.0142788469046	2810	1616	0	1016
9920972	0.0105726706624	3060	229	0	426
9949322	0.0522893573833	3034	988	0	457
10166032	0.0391817214693	3067	818	0	305
10172672	0.010016119949	2907	630	0	522
10420312	0.00816142783643	2167	485	0	442
10506872	0.0438648851761	1579	500	0	289
10534892	0.00613755666989	2779	1601	0	408
10536972	0.00746107708601	3112	680	0	775
10706952	0.102649955462	1933	790	0	32
10710692	0.0124378168254	2694	854	0	435
10744202	0.00862293215474	537	212	0	149
10841252	0.0594341607026	2226	1247	0	1433
10862342	0.00910089361594	1142	232	0	256
10911002	0.0161839832749	1866	654	0	314
10913242	0.012437205542	2836	733	0	429
11055812	0.0252669812286	3105	2062	0	843
11093342	0.0392633499847	2739	1303	0	765
11123872	0.00643080655709	2841	838	0	345
11169892	0.0155336727534	841	281	0	196
11207282	0.00948363729316	15	10	0	7
11208532	0.00816592456134	3056	871	0	985
11223742	0.00793946426212	2691	1183	0	1157
11298572	0.00561329176222	2322	1132	0	79
11398052	0.00938915325454	1738	757	0	176
11403932	0.0109681715733	1737	431	0	947
11494612	0.00702084344602	2722	757	0	763
11581022	0.00551499274508	2338	1829	0	938
11605502	0.0255734556506	998	447	0	197
11634522	0.0262234105642	2326	1041	0	389
11693962	0.0142154179646	2959	1174	0	580
11727442	0.0516174503895	2846	678	0	718
11738212	0.0107079495366	2421	1045	0	1006
11773412	0.0322266559539	2815	726	0	445
11811592	0.00891139913243	2984	1392	0	629
11821352	0.00682013370045	2782	737	0	469
11823732	0.0132044394775	2601	853	0	334
11837732	0.0466864351143	3083	1317	0	299
11974322	0.0267297565742	2973	2594	0	1234
12023932	0.0074621346328	2620	1041	0	514
12149252	0.00548111692528	2893	938	0	174
12263132	0.0908276963454	1556	685	0	903
12273492	0.00690452083975	2257	1688	0	554
12278172	0.0108806927538	2126	468	0	420
12403542	0.0111007400916	2856	1875	0	1516
12408892	0.0109675263273	2945	545	0	371
12520532	0	0	0	0	0
12582962	0.0299695002613	2890	1297	0	1006
12591872	0.0472214043345	2340	719	0	504
12645502	0.0205246167428	2891	603	0	330
12694432	0.0075659800003	2730	1097	0	698
12700312	0.0126946179883	2092	240	0	59
12793202	0.0178947842356	2870	895	0	344
13137212	0.00475173123245	1751	1146	0	236
13165672	0.00618282189456	2785	847	0	747
13192982	0.0049241408392	3025	533	0	516
13221322	0.00389209052331	2054	149	0	156
13261372	0.0120429285849	3071	902	0	878
13267702	0.0089528337155	1559	400	0	288
13273832	0.0102597473391	428	136	0	151
13295512	0.00651376831972	2614	1029	0	241
13308532	0.0223878568027	3039	1932	0	1012
13311862	0.00609938391587	1460	79	0	4
13436662	0.00905266215215	2889	1594	0	849
13482222	0.01298950349	3015	918	0	1156
13627002	0.00655594323155	1889	721	0	156
13695292	0.0277382880074	2740	1980	0	600
13858622	0.00801842464966	2534	1015	0	136
13922462	0.00886646957852	2208	542	0	295
14019612	0.013888861941	1855	947	0	1595
14030902	0.0109804388239	2234	1631	0	786
14050372	0.0222948049384	2819	401	0	180
14058954	0.00465873248888	1614	349	0	856
14060543	0.00815295814787	3177	616	0	730
14066952	0.00813837849246	2606	1389	0	671
14077003	0.094474664076	3150	2287	0	1911
14079313	0.00861279692867	2313	1284	0	674
14081731	0.00918425364002	2552	1967	0	1340
14084484	0.0268173306404	2469	1030	0	421
14085582	0.00951403550417	2402	551	0	403
14089909	0.00476502778759	1894	1152	0	412
14097282	0.00639910782665	2439	1211	0	1180
14110253	0.0141281264405	3102	1013	0	437
14112420	0.012323378063	2694	850	0	885
14115555	0.00486347668853	3118	1053	0	573
14117232	0.00517509162141	2843	1232	0	566
14120543	0.010883886883	2799	226	0	109
14122453	0.00903916761981	2551	159	0	421
14128432	0.0114723069857	3040	2041	0	1349
14128649	0.0118987812982	2930	774	0	431
14134032	0.0192412263719	728	338	0	174
14136883	0.00962732966882	2515	895	0	320
14145031	0.00339129189582	2800	1295	0	187
14145412	0.0199066209015	673	343	0	190
14156011	0.00679695129705	2363	894	0	465
14161357	0.00378546852888	2624	482	0	372
14161555	0.00327330987677	1677	1283	0	503
14165645	0.0160149638039	1143	332	0	348
14167125	0.00591202078089	1205	213	0	113
14181199	0.00821072150637	1954	656	0	602
14184677	0.00685052428247	1767	735	0	221
14193258	0.0439873730661	2837	1345	0	1483
14205099	0.0103089367656	2630	881	0	869
14207972	0.00723273381975	3061	1716	0	342
14208535	0.00605920966989	20	16	0	14
14213141	0.0106901982466	2515	1841	0	1267
14215737	0.00626503787831	2171	275	0	331
14219176	0.0210426374095	2169	979	0	3354
14220825	0.013002847391	3115	1703	0	7087
14227472	0.00510860002129	2623	794	0	646
14231593	0.0409066497334	1127	317	0	293
14232988	0.0104640413363	2607	863	0	666
14235852	0.0218200146142	3023	910	0	434
14247197	0.00432456690951	1402	691	0	516
14249319	0.00654022041271	3034	1292	0	2139
14252064	0.0152891897559	1466	1270	0	61
14253692	0.00546471410126	2462	1707	0	1251
14256214	0.0185144157636	864	413	0	116
14257102	0.0261138824796	234	72	0	37
14257644	0.0167688925841	1703	872	0	168
14269865	0.00554662303831	2554	1423	0	938
14280658	0.0258969718662	2809	1796	0	2299
14282899	0.0120849491811	2870	1581	0	326
14308384	0.0161280215055	2884	947	0	493
14318328	0.00686387996992	2249	872	0	299
14319005	0.00634468915866	1881	536	0	201
14319990	0.0093169049204	2827	1125	0	702
14320246	0.0475720881772	2079	2019	0	15
14325825	0.0281718458406	2657	1317	0	379
14329138	0.00933593735805	1574	729	0	991
14342954	0.00827475877472	1495	690	0	582
14343430	0.0408180071576	1069	300	0	313
14344811	0.0134488518819	2008	951	0	918
14361047	0.00626636333965	1604	378	0	247
14361270	0.0155105740208	1326	394	0	691
14363458	0.00464810908946	2989	1308	0	576
14367875	0.00963471478993	2984	513	0	936
14373462	0	0	0	0	0
14384413	0.0383805277078	2601	648	0	793
14397911	0.00953983070554	2995	1526	0	1924
14413500	0.010520862681	2451	1294	0	442
14414276	0.00994372082278	3048	1446	0	1023
14421365	0.0193544554294	3031	1862	0	1363
14426591	0.0124437175995	413	148	0	75
14428412	0.0326511661648	2112	903	0	530
14438065	0.00558748816621	2957	658	0	799
14438593	0.0305814773302	1327	587	0	208
14438836	0.0777555079164	2459	2283	0	917
14445341	0.0401818022911	3021	892	0	405
14448584	0.00749538984336	1603	178	0	109
14453629	0.00813529673667	1379	664	0	317
14454392	nan	1	1	0	0
14461337	0.00951219434453	2181	139	0	44
14461661	0.00414614892748	2405	996	0	290
14461887	0.00518598382343	2936	865	0	1087
14467149	0.00701350295366	3030	330	0	705
14478413	0.00854289893998	2658	869	0	1173
14479299	0.0100444875341	2282	1416	0	1280
14490154	0.00555423717266	2553	1135	0	1123
14498210	0.00708454663398	1980	475	0	274
14510647	0.00703075288556	2912	580	0	555
14516054	0.00682750099422	386	146	0	12
14520390	0.0102612250065	2448	786	0	403
14535018	0.0265697926138	2422	633	0	236
14543625	0.00805723857797	1793	314	0	460
14549950	0.00680896995671	2102	980	0	929
14553498	0.0180107494777	2768	1206	0	684
14553588	0.00799937146036	2437	290	0	385
14564002	0.026041499197	2624	844	0	700
14569391	0.0166775824316	3026	1117	0	1629
14579315	0.00611942024331	1874	686	0	392
14585972	0.0549361053252	2457	890	0	563
14593035	0.0068847810414	2930	1143	0	877
14594312	0.0258742707066	2583	1432	0	813
14605289	0.0100853280036	1893	953	0	307
14608933	0.00595319790892	2771	381	0	432
14623083	0.00343430121009	2935	857	0	776
14633147	0.00978137451496	1813	536	0	699
14634732	0.00299056588865	2933	1084	0	233
14650644	0.133024519894	1983	1911	0	146
14676437	0.0109207756858	2840	710	0	420
14678053	0.0214231755409	2922	1310	0	1666
14686254	0.00777798369854	2712	733	0	524
14689715	0.00705949770208	3058	872	0	1051
14703770	0.0333081746957	1904	1053	0	1092
14725405	0.0199409384271	1210	732	0	397
14730862	0.00907532521894	2412	274	0	1372
14731296	0.0185347670962	2636	794	0	643
14745077	0.0108548234522	2976	1061	0	1188
14759978	0.00742777173012	2767	1541	0	648
14765531	0.0120525265335	3132	1955	0	709
14774529	0.0289417279563	912	313	0	248
14787983	0.0333653586333	2928	1720	0	484
14803049	0.0222236257631	967	540	0	277
14803328	0.0158762827107	2723	1815	0	2041
14803750	0.0203953846561	2748	1231	0	1390
14815739	0.00764869244262	2673	1260	0	558
14820803	0.0243510759647	2886	1185	0	1065
14824951	0.0131698765223	2262	347	0	440
14840190	0.0128007346904	2297	879	0	1722
14840794	0.0144327797804	2349	1623	0	348
14847615	0.0109855224648	1402	492	0	291
14852286	0.00498066639016	2643	1146	0	720
14857626	0.0127043770121	2697	635	0	460
14869120	0.0252926535345	2111	1496	0	1449
14876530	0.0115007141713	2950	702	0	393
14876698	0.0111799170592	2239	652	0	476
14882883	0.0184899807701	2153	327	0	1055
14883877	0.00766994700838	1092	517	0	103
14889375	0.0747286518804	1183	1164	0	120
14896995	0.00883385292092	2400	1132	0	1205
14907340	0.0168481641669	2179	787	0	640
14908911	0.00910708400988	3022	747	0	469
14918255	0.00918347837111	2153	729	0	1093
14920419	0.0163746645606	2689	1150	0	2104
14936524	0.0195448841997	2163	957	0	657
14944492	0.019951286748	2392	1675	0	1967
14979301	0.00566508646009	2113	266	0	264
14984346	0.00770872937042	2385	859	0	884
14984727	0.0189218158448	1870	589	0	311
14987445	0.0700826729589	1784	1336	0	222
14997575	0.0138214956708	2722	987	0	1094
14997793	0.00480002758916	2522	1464	0	856
15011356	0.00872340544526	2707	1166	0	917
15017920	0.00491859304716	2904	935	0	1177
15028458	0.0106631484326	1336	355	0	320
15032100	0.0525537585908	3108	1052	0	559
15041098	0.00541049918834	2558	793	0	1104
15041958	0.00634807286674	2639	2191	0	164
15042218	0.0252036234448	2692	715	0	246
15054702	0.0142696820885	2904	1521	0	721
15059082	0.0251863825075	3056	1906	0	1081
15059632	0.0104551943578	2724	1465	0	981
15059869	0.0156739887758	2918	2669	0	1181
15074444	0.00792960021828	2297	739	0	407
15076601	0.0182265818652	1444	160	0	235
15076902	0.0292346307579	2072	1286	0	285
15080859	0.027115708095	1355	361	0	377
15083875	0.00745832502663	2344	908	0	335
15085995	0.0154897696714	2738	1502	0	1735
15089832	0.0163275598808	3090	1100	0	565
15090623	0.0244212872601	2740	1019	0	595
15110272	0.0315600050038	2462	1525	0	469
15115214	0.00800258066229	2057	392	0	326
15129947	0.0107594606501	2903	1308	0	492
15138496	0.0254622657189	2734	1113	0	1507
15140975	0.0209008338141	2685	1978	0	331
15144179	0.0482935190506	1636	474	0	419
15157506	0.00914292816989	2931	1416	0	1149
15162867	0.0111152911598	1722	601	0	306
15169977	0.00916106324236	1623	570	0	733
15182672	0.0196742762989	2856	1328	0	2477
15192529	0.0142514059527	2437	879	0	722
15195598	0.00280878237113	2864	1639	0	1013
15212648	0.0264790290885	2678	1034	0	666
15212836	0.0119548736745	1382	375	0	239
15230046	0.0315036419263	3027	776	0	21
15233019	0.00610486223858	2564	870	0	433
15258398	0.118126600392	1898	1335	0	2176
15272823	0.0825431263476	1757	513	0	5
15274381	0.00417850061574	1626	475	0	202
15281802	0.047322606503	1139	224	0	209
15288584	0.00673409178749	2691	729	0	862
15295748	0.00621355631106	2458	252	0	816
15299662	0.0688836734586	2410	2384	0	788
15309176	0.00533116017395	1471	477	0	171
15311185	0.00883092260118	2462	295	0	22
15323769	0.0181524114453	2995	1756	0	426
15330682	0.023157589651	2983	811	0	2026
15337816	0.00801628293623	2688	787	0	2138
15347317	0.00465201470473	2624	1100	0	966
15364120	0.011311843484	2655	1694	0	917
15371880	0.0066464633959	2653	1875	0	928
15378858	0.064804881856	2692	2439	0	412
15382996	0.0143350155423	2787	850	0	442
15394017	0.0382615490301	1249	510	0	39
15397066	0.0214391757358	3015	1712	0	1380
15401354	0.03415904663	2872	1891	0	712
15415052	0.00593725257517	2273	1601	0	579
15420948	0.0881115684782	1243	670	0	66
15423715	0.0083653044475	2423	1143	0	688
15429965	0.0146103007564	2758	1727	0	425
15446386	0.00610061976956	2148	1313	0	634
15479932	0.0152544518703	2965	798	0	1334
15482299	0.0146190268717	2877	393	0	293
15483894	0.00673122549543	2681	975	0	969
15484132	0.00577642286798	2363	1767	0	919
15490469	0.00624062944475	2933	683	0	651
15509502	0.0132867947027	1509	334	0	328
15510041	0.0141307662251	2905	1807	0	705
15521052	0.00456430777898	2502	877	0	666
15525310	0.0301903700755	2527	1280	0	491
15529285	0.0203399888531	356	175	0	68
15583003	0.00535164089279	2601	606	0	531
15587836	0.00378761975042	2594	584	0	552
15587918	0.00824787990382	3128	359	0	474
15589240	0.00668483206432	1316	1024	0	1474
15591901	0.0336225732525	2696	2160	0	251
15610213	0.00466826635807	2822	525	0	1391
15616926	0.00922153614955	2829	933	0	1593
15621841	0.0281712874211	1922	1055	0	385
15624402	0.00602412744071	2004	658	0	401
15632260	0.0799247773667	2409	601	0	87
15645974	0.0404985217916	623	486	0	381
15655942	0.0206813214662	1131	709	0	166
15659821	0.0102040502015	2654	1458	0	546
15670484	0.0408566290959	2705	820	0	663
15678504	0.0132956896076	2924	778	0	1727
15679234	0.00836949371398	2567	1615	0	306
15689590	0.0696137735565	2380	2286	0	1564
15691300	0.0222781121328	2860	2150	0	1174
15691538	0.0125315343831	3068	1244	0	598
15702212	0.0132256910103	2803	1402	0	690
15726403	0.0388130712142	2557	1686	0	1321
15755882	0.00781099946289	598	393	0	305
15773020	0.00314359979847	2969	1722	0	110
15773663	0.0150073997843	474	237	0	70
15781281	0.00962378833606	2567	855	0	598
15782121	0.0251288611584	933	179	0	334
15791421	0.0116286427409	1763	791	0	488
15793401	0.00885878443604	1525	200	0	225
15797527	0.0165102890605	2114	644	0	123
15805716	0.0387700547747	572	68	0	34
15811158	0.0070149208546	3089	678	0	375
15813904	0	0	0	0	0
15817422	0.0105310192946	840	293	0	141
15831430	0.0373913925699	2569	2555	0	192
15843108	0.00683577255584	2305	678	0	390
15850737	0.00778003415919	3116	507	0	221
15853273	0.0339610309628	2368	1664	0	1220
15854292	0.0242509924654	2283	1949	0	369
15861147	0.00989696933727	1576	809	0	469
15871880	0.0202966520403	2823	1048	0	366
15884137	0.0115632802636	2257	503	0	221
15897796	0.0114071286683	725	140	0	255
15903938	0.0299106458596	2842	625	0	1162
15968396	0.0114052868199	2465	1031	0	1064
15985881	0.00687611480507	1521	488	0	202
15989237	0.017035338654	2742	1014	0	412
15997981	0.0295159137845	2479	1013	0	519
16001666	0.00434421520681	2699	1863	0	628
16009790	0.0164446098522	2668	1363	0	1359
16016860	0.00542829605858	667	223	0	67
16017042	0.0210571073891	2611	2058	0	194
16031898	0.0537939540237	2700	1822	0	1013
16045609	0.0130892345512	2519	1416	0	1080
16055951	0.00659773234753	3059	608	0	239
16080599	0.00372375022577	2986	817	0	107
16089186	0.0191823318108	2141	808	0	1126
16106041	0.0400589275685	2860	1303	0	435
16148475	0.0210910253292	2228	1077	0	493
16148608	0.0208665344717	1972	1017	0	309
16160012	0.01347914211	1266	464	0	248
16175360	0.00474479053953	2802	989	0	511
16176103	0.00908803123171	2220	604	0	66
16183712	0.0096130895393	2695	1618	0	1021
16196649	0.0108877685187	2170	797	0	1270
16205477	0.0203026564451	3084	1185	0	3651
16219684	0.0988280640248	1740	1665	0	733
16221175	0.00785692585543	771	359	0	341
16223010	0.0395317432832	3088	1201	0	309
16253962	0.0299028384376	2475	1186	0	404
16264489	0.00996955221207	2155	689	0	570
16287447	0.0588995408426	475	232	0	254
16290737	0.00637625540597	2476	393	0	471
16298906	0.0110402400722	2756	1522	0	1630
16304417	0.00622915584966	2545	1439	0	1136
16333236	0.0183046147996	1283	726	0	421
16375617	0.0169214813755	2244	843	0	1757
16382685	0.00621436050077	1268	656	0	598
16419391	0.00479719719639	2363	1403	0	676
16422556	0.00935656083806	2797	1797	0	1002
16430450	0.0107126388027	1635	409	0	867
16445207	0.00737776370085	2310	1778	0	505
16446939	0.0115281537783	2146	1751	0	2064
16456627	0.010848042368	3022	2132	0	1396
16457820	0.0142852545867	2787	471	0	392
16465420	0.00490574103456	2405	1321	0	549
16483921	0.00782125675646	2304	923	0	664
16491106	0.0118140248761	977	292	0	244
16492170	0.0185668574316	2438	1291	0	544
16529482	0.00889657209835	3154	1493	0	1437
16555660	0.00609132535325	2914	957	0	465
16560054	0.00646122149947	1600	596	0	843
16563741	0.0195654151645	1266	387	0	153
16588278	0.193779103213	3005	2927	0	303
16612059	0.0229566933478	1579	542	0	397
16621906	0.0235391745531	1648	329	0	140
16622984	0.0288127474602	1532	305	0	415
16646774	0.0613909493177	2972	2090	0	409
16653907	0.0476823195776	3108	1374	0	315
16656470	0.00723124584176	3041	500	0	385
16660941	0.01037418261	2713	1167	0	2507
16662300	0	0	0	0	0
16665992	0.00814250825491	1873	652	0	279
16669216	0.0568176299429	2724	1615	0	992
16669733	0.0354580080263	1559	488	0	212
16698471	0.0205836282568	2634	1427	0	370
16702758	0.012045199149	2958	1271	0	2053
16783409	0.0616603442336	2825	1402	0	1147
16794701	0.007350776341	2119	1541	0	964
16812492	0.0303204458524	2994	874	0	1400
16841067	0.00750206545387	2521	796	0	1588
16843161	0.0855003098115	2965	2002	0	236
16860245	0.0133255167972	2203	1054	0	1093
16890227	0.0211452466062	1252	588	0	453
16894250	0.00780168852112	2980	1087	0	1734
16894693	0.00469430800973	2529	1402	0	718
16910503	0.0366000780722	2712	543	0	115
16920968	0.0067645557669	1621	523	0	401
16930942	0.0726312186956	1663	25	0	20
16933538	0.0150972034458	1872	946	0	860
16943160	0.00936888414991	2740	1333	0	798
16946306	0.113258393841	2563	470	0	685
16959403	0.00771020697512	1047	410	0	606
16991733	0.00639542908162	2993	1333	0	1246
17005242	0.0112809790287	2959	1290	0	301
17009566	0.00558597266511	1979	627	0	367
17054565	0.0115674637938	2963	781	0	445
17064939	0.00707347382806	2858	1671	0	257
17081169	0.00977749192106	1407	480	0	339
17139011	0.0103591469375	2677	1423	0	1104
17163113	0.00547841881753	2498	1058	0	297
17179353	0.120601968353	3000	2143	0	87
17192106	0.00751875900314	1454	982	0	425
17219016	0.0102256874981	2688	526	0	693
17219524	0.00582602674465	680	43	0	210
17232814	0.0117172721286	2862	1525	0	855
17260218	0.0229490458788	2685	1353	0	1370
17274679	0.0105785794908	2077	1480	0	517
17275474	0.0113033102022	1915	78	0	150
17288254	0.0149159707499	1866	592	0	100
17288491	0.00624670533221	2718	523	0	411
17303088	0.00880858338727	2622	1800	0	2750
17305435	0.00625124747813	2004	285	0	190
17331859	0.0918760728865	1313	811	0	67
17351581	0.00895079886063	1581	627	0	402
17355717	0.00835073993494	1583	1065	0	888
17390066	0.00675779626015	2110	953	0	608
17411215	0.00951011165116	2826	1229	0	802
17441094	0.0124012232185	2332	1916	0	678
17447004	0.0786410746053	683	247	0	440
17452383	0.00902369568163	2197	771	0	807
17453045	0.00751089462408	1651	737	0	1822
17456369	0.050546874733	1877	792	0	1191
17465035	0.0065974111173	2364	460	0	499
17465740	0.0347495757337	2592	716	0	323
17488996	0.00465219274891	3126	1967	0	990
17493065	0.0611212796659	528	442	0	101
17493573	0.019270502295	1114	124	0	225
17500762	0.0134354997196	3115	500	0	677
17508310	0.0219563428861	2765	1330	0	405
17508749	0.0108542203888	2341	1474	0	1144
17513705	0.00729592690987	1164	525	0	376
17526907	0.00694915353002	3033	1919	0	1728
17562864	0.0212702482006	3125	573	0	506
17566926	0.00544440977931	2986	532	0	553
17571891	0.052761823898	3146	2021	0	559
17579194	0.00751400074321	1642	442	0	301
17581023	0.00942866091378	3083	1157	0	581
17592578	0.014886178804	188	48	0	16
17623799	0.0626084736224	2462	1543	0	9
17626987	0.0100073060432	2020	730	0	1395
17634321	0.0040872161053	1171	176	0	459
17647406	0.00907148025223	1433	863	0	849
17656473	0.055318020271	1663	1457	0	500
17667410	0.017921039104	2754	1127	0	587
17671803	0.0118266075457	3119	2094	0	1290
17700467	0.0182246385042	2839	1869	0	1010
17711949	0.00735449104489	2910	1184	0	307
17744352	0.0275858507662	2545	1559	0	687
17755777	0.00714129659329	2887	1288	0	671
17764845	0.0718709482671	1555	769	0	160
17785796	0.00626567159921	2891	1084	0	1260
17786262	0.0327997980354	2174	1833	0	1457
17794715	0.0239917292918	2715	1416	0	529
17814354	0.0153970659297	3050	996	0	588
17819944	0.009433972431	2820	1907	0	1337
17845927	0.0143962590363	2432	1869	0	1489
17850406	0.0173399417154	1472	611	0	327
17862094	0.0280935148603	1778	640	0	834
17878976	0.0141648028615	3070	782	0	468
17890476	0.0110730697135	3007	1475	0	1029
17909095	0.00835439161355	3030	670	0	310
17933112	0.0196526577091	1709	936	0	463
17963912	0.00839192913117	2030	533	0	604
17965599	0.0167900346303	2076	1442	0	683
17993791	0.00702249223541	2245	1216	0	1480
18000659	0.00679649856133	2490	332	0	755
18011420	0.0196187763549	2836	748	0	175
18048920	0.00626471935345	1081	679	0	214
18065449	0.0128103224848	1650	793	0	551
18068886	0.0645399307271	999	321	0	42
18096495	0.00921609405024	2000	836	0	408
18144052	0.00947818022834	2315	1506	0	3194
18160231	0.00550139559169	2818	1316	0	356
18167295	0.00889502374377	2578	799	0	662
18181755	0.00838189315946	2786	820	0	698
18185386	0.0200573898225	1540	841	0	583
18185933	0.0398702985088	1726	711	0	940
18201453	0.0077280079996	2829	679	0	278
18219371	0.00678751316632	1035	525	0	224
18224092	0.0551907502113	2643	1468	0	184
18228609	0.0113742668746	2737	468	0	362
18236064	0.0114114047352	2856	544	0	585
18300690	0.00551921503202	3142	2061	0	2180
18303494	0.0103681741799	2994	1309	0	112
18305633	0.0296230646782	3175	303	0	200
18314846	0.0211919235074	2017	289	0	707
18335722	0.0374243027201	1804	1201	0	269
18346062	0.0446624157576	1887	1188	0	112
18347051	0.00757233352277	2750	1883	0	1808
18365545	0.0161641190166	3105	697	0	337
18371407	0.00415763276053	1867	1506	0	1556
18399423	0.00814456664156	692	558	0	488
18413368	0.0621963899664	2229	2041	0	640
18413922	0.00724590720859	3040	2271	0	1265
18457457	0.0131049095288	1878	230	0	887
18459028	0.0123124425583	2512	547	0	922
18476135	0.046717438803	2611	1001	0	383
18483817	0.056674862962	3064	2284	0	557
18499517	0.0849573051216	2356	2225	0	727
18513223	0.00495797876231	2647	850	0	656
18529185	0.00588400220306	3030	2134	0	2213
18537413	0.0551839803634	1867	528	0	207
18566114	0.010608347743	2110	1023	0	214
18654924	0.00958342191617	2627	1010	0	1212
18664944	0.0257944738675	2560	1679	0	808
18679648	0.00765197062143	2535	1034	0	501
18680844	0.0394071926248	2978	2225	0	2080
18683809	0.015232692343	2865	2069	0	1943
18695820	0.0323601806916	2934	1230	0	334
18696044	0.00798344494154	3052	1982	0	672
18708952	0.00744220413951	453	386	0	201
18714319	0.00480384177924	2520	1222	0	1072
18718381	0.0138663637048	2725	2559	0	403
18722185	0.00693516497561	2307	658	0	1412
18731398	0.0198033025818	2695	2267	0	772
18768565	0.0340363846628	900	171	0	127
18773447	0.0173270012739	2956	1245	0	152
18805394	0.0199538601261	2629	849	0	410
18827982	0.0100073956797	3061	284	0	70
18839786	0.0197650283585	2470	878	0	1302
18851314	0.0835339694535	1319	1285	0	755
18866569	0.0343190364043	1682	713	0	126
18870720	0.0143122189195	3096	699	0	246
18949058	0.025045176236	1377	451	0	1317
18970896	0.0358908580508	2785	1658	0	2788
18989252	0.0149035544078	2191	804	0	331
19016965	0.0245593343183	3016	630	0	820
19029961	0.0340217993103	2972	1456	0	2958
19040782	0.0133533664745	2978	1285	0	1514
19041387	0.149628156976	2740	339	0	233
19041966	0.0364682567293	2791	1577	0	753
19052164	0.00744531078	1249	229	0	252
19087696	0.0110147056682	2754	1268	0	634
19134746	0.023804203833	2692	1886	0	2693
19174009	0.0332696265256	2437	672	0	127
19187182	0.0209236186602	1917	1607	0	757
19200920	0.0211341211495	3080	739	0	1714
19201616	0.0317952193896	1822	1025	0	399
19221776	0.0114275894581	2887	1512	0	832
19233960	0.0256337460929	3072	2692	0	2089
19249225	0.00845182457978	2339	1137	0	1299
19253319	0.0141805366639	1352	185	0	160
19266229	0.00863637664022	3021	384	0	693
19270789	0.0771400241176	945	171	0	119
19295452	0.0254078124797	1059	679	0	335
19298248	0.0313290359544	858	255	0	524
19327364	0.00763621887708	2265	556	0	256
19377519	0.00671947007563	2641	1196	0	813
19394582	0.0198015541626	2774	1496	0	1777
19424786	0.0125027905687	2850	534	0	873
19425498	0.0067331794056	2712	1258	0	1419
19453524	0.0096695122271	2346	597	0	470
19485279	0.0184394698836	1836	837	0	689
19515501	0.00632010032399	2517	1472	0	1393
19525345	0.00782876696116	2208	615	0	183
19532262	0.0414525734952	1270	618	0	100
19611305	0.0107765127777	2979	1358	0	684
19630154	0.0198046934844	2603	1506	0	1024
19637979	0.0290597171806	1752	597	0	334
19657130	0.00460241219102	2783	1184	0	616
19681213	0.0078705154484	2912	855	0	345
19686082	0.0242002039123	1942	825	0	358
19727507	0.0163174729163	2606	588	0	1301
19730137	0.0415950229543	1001	358	0	87
19736423	0.0107184009727	2732	559	0	335
19745222	0.00858017008149	1309	439	0	485
19746829	0.0336789257954	1717	801	0	450
19752439	0.0205055961193	2507	1359	0	492
19768085	0.022654268843	3006	641	0	840
19769638	0.0250411868525	2544	1190	0	1648
19778622	0.033291069944	2637	1038	0	343
19780081	0.00721059921121	2190	724	0	402
19801763	0.0363106987288	2801	1958	0	954
19802091	0.0480793094984	1078	632	0	239
19802319	0.00853190061502	1833	189	0	686
19812595	0.0424092353382	2943	1242	0	1300
19839827	0.0159392906004	2174	483	0	509
19870101	0.0307079158568	2977	1423	0	1609
19904025	0.0108916182262	3042	1346	0	1164
19909181	0.0311070788165	1598	651	0	1555
19912689	0.00813230464639	2284	1061	0	476
19917971	0.0129455880269	1470	629	0	282
19938410	0.00845860372684	3049	971	0	498
19940968	0.00592117931248	3026	457	0	1032
19961084	0.0218205981198	3097	502	0	237
19984403	0.0347235686067	1987	1106	0	585
19993063	0.00746768940108	2893	1200	0	1601
19994305	0.119120162789	2999	1651	0	3472
20010873	0.00750832864073	2919	187	0	150
20012769	0.0411427678038	1401	228	0	208
20017758	0.0245311551971	2476	1521	0	595
20029225	0.0107193372907	2951	1101	0	951
20038785	0.0157215119018	2830	1095	0	959
20057078	0.0519735053605	1669	868	0	84
20068500	0.00945463766073	3053	667	0	273
20084313	0.0090177890085	2498	1369	0	1126
20132302	0.0182731583174	1668	806	0	294
20158558	0.00599178617857	2907	1647	0	381
20191065	0.00908397919085	1923	815	0	625
20217674	0.0113870304291	2485	1006	0	614
20244741	0.00663175389406	3096	892	0	579
20250149	0.0072966632461	3005	270	0	916
20252038	0.0304000059464	2937	959	0	985
20281735	0.00744342710893	2981	541	0	786
20293263	0.0250140549577	1739	134	0	140
20318087	0.0236808557531	1542	844	0	118
20332858	0.126643006355	2614	2559	0	855
20337759	0.0120457314681	2755	1486	0	1455
20354429	0.00574085306304	2815	1070	0	642
20361548	0.0257866965221	3176	817	0	1260
20403849	0.0149665511732	1222	554	0	324
20411050	0.030220761258	1492	969	0	1075
20451544	0.0186489247897	2832	2159	0	866
20451764	0.00950897644927	2999	954	0	526
20467918	0.01102032243	813	381	0	426
20476755	0.00677927472741	2766	1330	0	1487
20485487	0.0175820227799	1731	562	0	313
20518761	0.00569336531385	1803	577	0	180
20532595	0.00411744891066	2819	1777	0	980
20544358	0.0118100181132	2818	1134	0	901
20545123	0.0159369156088	1735	615	0	176
20561123	0.0246537502561	2604	905	0	508
20626905	0.0559821953121	2875	1981	0	394
20630746	0.0105092684158	3058	832	0	1442
20652877	0.0105528625992	2588	812	0	987
20652977	0.0126237764486	2773	1098	0	416
20714280	0.0366975213426	3070	2001	0	1356
20753296	0.01955312836	2231	1030	0	221
20826426	0.0205987219047	1645	1183	0	916
20828056	0.0238622398284	1158	522	0	233
20855514	0.00554095820509	2731	1274	0	2867
20857471	0.0117280921498	3083	825	0	2108
20923496	0.00583394079317	1672	634	0	294
20940587	0.0426328008434	1906	747	0	731
20947872	0	0	0	0	0
20956958	0.00702609095617	1386	225	0	339
20999452	0.00614248597545	3031	1010	0	715
21033621	0.0205797187461	1714	818	0	409
21046254	0.0067934449609	3158	926	0	1909
21071324	0.00706506791992	1905	1020	0	676
21091264	0.0685878411147	3055	1063	0	656
21102132	0.00510647076817	2249	1023	0	656
21171766	0.0403790236569	1915	352	0	785
21173252	0.00640350060988	2654	1602	0	787
21181013	0.057734667522	2352	1652	0	194
21238880	0.0322183975303	3112	20	0	21
21247114	0.0277696011332	3067	1492	0	229
21268721	0.0368044321437	3008	1062	0	723
21274241	0.00797147594215	1719	1298	0	540
21283525	0.00404259668168	2875	593	0	607
21288914	0.00494823808743	2224	603	0	407
21313187	0.0047590200877	2484	1709	0	844
21323810	0.0465526633929	2948	1163	0	825
21388657	0.00718790089856	2181	930	0	2249
21431725	0.0447440353411	2891	1972	0	1137
21522595	0.0159125974552	2084	791	0	877
21534754	0.00588665320674	2097	512	0	269
21546286	0.18597383445	2466	2351	0	142
21551420	0.00813047969794	2793	1640	0	892
21574104	0.0179522577655	2575	1036	0	540
21636741	0.00530116118617	2373	752	0	843
21665671	0.0387442863869	2486	1715	0	946
21683391	0.0142042017244	2488	877	0	509
21730948	0.0288408770629	2768	1540	0	176
21732431	0.0319162975463	2968	1361	0	831
21737365	0.00841668439904	1694	827	0	199
21738399	0.00676705638456	2406	814	0	1115
21787659	0.015648947967	2112	1480	0	1367
21793918	0.0155626562797	3028	905	0	2280
21802791	0.0037606935023	2760	1575	0	711
21817563	0.00650847650518	1282	417	0	220
21822731	0.0148311193939	3145	777	0	536
21832719	0.0360209428855	2196	1383	0	748
21841676	0.00852191357805	2706	1285	0	648
21854491	0.0111720647759	3100	1350	0	965
21936775	0.01636365818	749	214	0	226
21957245	0.00856132270063	1385	447	0	224
21970561	0.139949327784	2915	896	0	3
22027437	0.0316748842016	1831	745	0	208
22036144	0.00917376923437	1430	500	0	541
22044848	0.0283659625019	2718	1846	0	3920
22054705	0.0802833912907	1973	1737	0	3039
22098993	0.00985782595839	3096	939	0	1382
22113751	0.00194264338011	2726	1103	0	1062
22120314	0.0179865034584	2762	762	0	334
22125367	0.00963934062359	3122	965	0	732
22178815	0.0108139319464	1494	957	0	3672
22218731	0.00995053334165	2921	1131	0	419
22298994	0.0767531108708	2025	1329	0	474
22309294	0.0229766306597	3118	1231	0	892
22341338	0.0669790846726	1504	183	0	473
22375981	0	0	0	0	0
22393716	0.0703217481151	1999	859	0	336
22398742	0.016801012727	1966	1062	0	596
22402295	0.0246299126205	2037	1802	0	1733
22457629	0.0892205538243	2180	2034	0	484
22464112	0.0158382392886	3167	849	0	1213
22473357	0.0518314922323	388	187	0	178
22520513	0.0142952039711	2694	811	0	262
22537064	0.0140604336591	1661	361	0	1314
22537774	0.0186798854249	777	257	0	62
22554666	0.0507031326376	2818	1658	0	1619
22594644	0.0429354894246	1702	1624	0	1170
22604872	0.0121869010062	2351	837	0	771
22632726	0.0105953674039	1111	559	0	221
22728841	0.0169940845286	2525	1734	0	1880
22793459	0.0238567870826	552	315	0	23
22880912	0.00819807629622	1689	313	0	358
22883042	0.00946075535713	2736	1390	0	174
22884647	0.010237979067	3056	765	0	764
22911578	0.0423417705801	3128	410	0	453
22949684	0.0101897260242	2460	968	0	740
22988545	0.0385656598644	2939	2059	0	694
23008787	0.00685709141141	2915	493	0	395
23011113	0.0222712721959	2971	408	0	225
23052615	0.0247857218141	1388	715	0	754
23054599	0.0301113936464	2772	335	0	608
23206089	0.00498172334481	912	99	0	120
23206993	0.094613801853	1524	1134	0	187
23323572	0.00804668711092	3055	1605	0	1720
23327940	0.0143163098678	3000	1950	0	922
23330822	0.00979689081847	2461	824	0	831
23333537	0.00821415178875	1017	825	0	319
23403611	0.0182495640581	1691	272	0	151
23427732	0.0107296830962	2710	2012	0	1175
23485794	0.0285795148534	1663	1571	0	1981
23536799	0.0984394687496	2586	2330	0	138
23560644	0.0343907225902	1479	793	0	44
23585970	0.00607875425662	2330	995	0	148
23596505	0.0195361016422	2130	942	0	454
23598798	0.0184873294321	3000	1291	0	1033
23603022	0.0191071318844	3021	1259	0	1185
23608514	0.0310053000259	3058	1957	0	471
23638138	0.00528721535183	1261	484	0	231
23641665	0.0158570558856	3085	1338	0	479
23662079	0.00737438719473	2945	759	0	860
23675717	0.0133476820594	2927	1111	0	979
23711198	0.0182700340596	3106	1232	0	1385
23741797	0.0156012044468	1781	1034	0	63
23764827	0.0309165861047	470	183	0	113
23820271	0.0106243185019	1814	1424	0	1467
23878938	0.00763372670851	1655	651	0	576
23890162	0.00558178890022	2686	1254	0	938
23935594	0.019864354633	2683	1065	0	991
23968663	0.0599845269013	1145	339	0	11
23971284	0.0146952956565	2433	2174	0	2450
23998793	0.0498116409356	3029	535	0	1727
24006595	0.0779760101614	2226	1491	0	354
24131225	0.00463206683551	2187	485	0	457
24150371	0.00544610672117	1858	676	0	735
24259971	0.0322845338974	2478	1469	0	1195
24322437	0.021483235268	2582	2246	0	697
24430961	0.00648408585883	1878	1139	0	480
24464032	0.0268398521006	2294	550	0	202
24497986	0.0149321699742	1445	427	0	322
24502705	0.00726289367209	2114	635	0	769
24587571	0.0156724548804	2434	885	0	289
24600302	0.0124118381743	2822	1779	0	914
24607124	0.00952749265438	3168	403	0	314
24609259	0.00864971952374	2303	1188	0	449
24610167	0.00743958493248	3109	543	0	712
24624449	0.00402527085279	2914	680	0	1933
24646596	0.0123868086443	1944	428	0	482
24747647	0.0114311745121	1650	544	0	731
24762294	0.00892009461012	1093	190	0	203
24783580	0.0115529269544	711	189	0	150
24788324	0.0249613177929	2900	999	0	861
24914458	0.00903508354126	1676	357	0	316
24922181	0.00701539291098	3173	974	0	1093
24951393	0.0165016829963	2438	870	0	1679
24998438	0.029778143629	2723	951	0	1913
25076187	0.0232445998512	2472	2206	0	375
25092959	0.00779045482013	1697	832	0	541
25147663	0.0189906912007	1507	514	0	577
25181960	0.00969757588643	2293	1032	0	1681
25203850	0.00916708381186	3102	532	0	215
25221623	0.00732920739278	689	157	0	74
25238984	0.00550025363071	2772	1256	0	413
25288719	0.0108627376429	1222	471	0	712
25361747	0.0240313289696	1004	431	0	59
25406728	0.00791077319139	2890	938	0	819
25462813	0.0111491012289	1867	867	0	690
25481399	0.00536491306598	3065	810	0	832
25524862	0.0171803598252	2136	1467	0	3140
25597162	0.0325527524867	2556	686	0	352
25618860	0.046842563228	2971	1369	0	963
25661222	0.007685052782	1033	467	0	642
25680569	0	0	0	0	0
25724806	0.0151114858033	2301	548	0	514
25742926	0.00621631013504	3078	1201	0	417
25831539	0.00702900471414	2950	1104	0	800
25870234	0.01329005387	2388	1198	0	856
25886074	0.0165098533485	1431	330	0	176
25955804	0.00726310698796	2719	1177	0	1623
25957540	0.0185220052535	2620	1824	0	837
25993747	0.00912385147989	2463	564	0	169
26017790	0.0611104615978	2094	558	0	56
26034215	0.0164536214519	327	35	0	37
26065124	0.0137513718667	2026	792	0	1179
26072643	0.0076644996849	3007	435	0	565
26093255	0.0108494707059	1564	252	0	309
26112979	0.0111501514584	1492	1281	0	374
26135395	0.0143791785592	1297	787	0	258
26148925	0.00557091164329	2820	755	0	116
26153901	0.00516269796205	2734	921	0	768
26191111	0.00677938071666	3039	1057	0	801
26347655	0.0355385216006	2978	1123	0	395
26381407	0.0493340690628	2782	1049	0	4
26525527	0.00574156787579	2745	942	0	569
26571789	0.0497084568911	612	156	0	65
26577435	0.00856562690245	2137	1465	0	1191
26607894	0.00925824401135	2446	596	0	1179
26686790	0.086907557596	2385	2179	0	23
26731749	0.0611756119428	2135	998	0	1670
26764460	0.00982767393669	1951	351	0	250
26862540	0.0121861907292	1920	634	0	1311
26903123	0.00735077144144	1660	900	0	674
26912863	0.00412752592913	2741	1377	0	1022
27008329	0.0055589786881	2378	1058	0	289
27043312	0.00879900602812	2790	472	0	960
27054095	0.0233546368032	1457	561	0	956
27060333	0.0176094514426	2058	1257	0	1369
27068543	0.13313526876	1440	543	0	126
27089479	0.00728587095127	165	128	0	46
27096827	0.010279126971	2052	418	0	414
27100854	0.00690395032961	2862	1347	0	2735
27133496	0.0810762504279	1505	930	0	268
27194066	0.0168812728795	2632	1509	0	840
27290977	0.0486262470854	2860	2824	0	3378
27317093	0.00576607997069	2677	1081	0	561
27319043	0.0089655947484	3109	708	0	1664
27336669	0.0114020535819	1580	485	0	100
27364653	0.0176449680003	1766	1122	0	790
27375118	0.0493980640885	500	240	0	73
27405322	0.0400409470338	1243	38	0	274
27441274	0.00692724877635	2067	1131	0	1591
27482168	0.0290442026572	889	259	0	375
27487965	0.00871135536093	2527	379	0	493
27543221	0.032484397593	661	387	0	193
27673788	0.00944174579459	2445	1386	0	563
27681737	0.01309695069	1004	147	0	156
27727354	0.0110473654387	593	126	0	45
27745806	0.0153833352444	2869	1761	0	1317
27747683	0.0157284954095	2889	2133	0	1765
27828473	0.00626773971075	2743	1082	0	504
27946109	0	0	0	0	0
27980290	0.011834961921	2641	1064	0	705
28049011	0.0570227447009	1988	1812	0	1764
28105516	0.0194965177117	2897	2076	0	880
28111036	0.0469717347649	453	123	0	82
28122143	0.00984213465267	201	29	0	25
28162995	0.00815005589684	2610	767	0	564
28214215	0.038578457478	2554	1464	0	317
28235772	0.00804302563087	2849	691	0	1246
28241340	0.0341609873775	2260	482	0	235
28355726	0.0110871123278	2727	386	0	1069
28371863	0.0197888057699	1546	592	0	140
28402868	0.025958601864	1525	275	0	139
28425750	0.0129673393364	2103	425	0	730
28442549	0.0160416471229	1092	260	0	387
28497911	0.00521552191941	1821	797	0	911
28512228	0.0104458078608	1553	581	0	278
28568403	0.0125415546452	2994	806	0	345
28608936	0.0141792981986	2984	1310	0	357
28646612	0.00799711353425	2568	1009	0	1181
28659484	0.0109253709723	2306	1205	0	1858
28664103	0.00799887382082	965	250	0	142
28766450	0.0365228195113	1396	960	0	1072
28775062	0.0162325904627	2997	531	0	401
28837185	0.0139660136129	1111	482	0	438
28921405	0.0244364164353	2278	584	0	379
28970203	0.0443032466501	1456	535	0	140
29137692	0.0528438309209	2859	2437	0	24
29198098	0.0184848185408	1768	1502	0	951
29222042	0.00361367511037	2629	975	0	286
29348952	0.00689576627412	3063	899	0	708
29387861	0.0226042714844	3075	742	0	1603
29467130	0	0	0	0	0
29501106	0.00809289426721	1038	911	0	288
29581101	0.0202208596628	1786	1371	0	443
29616757	0.0282964523375	1266	480	0	26
29640057	0.0131426748689	2248	649	0	182
29655510	0.00735937203438	2695	1126	0	1704
29775502	0.0148110600921	943	419	0	268
29785980	0.222810086861	1719	1532	0	248
29915936	0.030911021582	1590	1045	0	341
29917270	0.0162069309241	1845	1501	0	941
30017328	0.00693371670107	2650	1017	0	2002
30044406	0.0100369420903	1154	226	0	220
30047606	0.00995343533032	2779	804	0	1063
30186086	0.0272212245326	2161	1124	0	1386
30198572	0.13501921857	1783	1633	0	58
30225263	0.00551463455928	2439	1595	0	862
30370347	0.0367201470211	2640	1662	0	190
30516311	0.0167074646699	1864	126	0	409
30691971	0.0185381450746	2191	811	0	244
30717365	0.0232374630322	2452	1990	0	278
30830547	0.00830958791677	2088	805	0	338
30833791	0.0455772635489	2084	1168	0	88
30892088	0.0359709204416	1350	442	0	173
30894847	0.00717031381929	2288	778	0	912
31032516	0.00429265754672	2571	961	0	1392
31068257	0.00717033311441	2906	928	0	688
31125840	0.00744622607359	2534	871	0	421
31159912	0.00674554882517	2610	642	0	1058
31192632	0.0104524716942	2053	1003	0	922
31218737	0.00540488389043	2767	547	0	619
31294424	0.00991531149882	2442	593	0	626
31298890	0.0289665815224	2299	1587	0	667
31300210	0.0211704793372	2284	1262	0	195
31407358	0.0304185775149	2864	2000	0	2560
31448092	0.006920445441	2676	1195	0	1031
31495540	0.0934729437573	1918	1810	0	334
31586459	0.00638853846198	2339	1332	0	1544
31634214	0.012637140616	2765	1171	0	366
31852149	0.0226544318164	2227	1383	0	61
32147370	0.0134382034814	921	431	0	928
32155320	0.00714451810699	1849	364	0	1040
32208505	0.0379690707057	1833	941	0	92
32225044	0.0239678503304	2966	1772	0	1479
32317545	0.0219610674142	1231	535	0	62
32367777	0.0169964076681	2660	2114	0	6370
32370674	0.0280249287338	2460	1610	0	809
32432742	0.0093114722718	2774	1106	0	1110
32472529	0.00848478637825	1104	254	0	836
32483879	0.0420805909417	917	524	0	21
32751984	0.0440274024698	1629	979	0	68
32828368	0.0130044466066	3090	727	0	428
32970996	0.0457006560796	3163	1068	0	768
33053218	0.0230556891951	696	168	0	80
33288620	0.0107800126629	3101	1392	0	777
33334575	0.0213402530557	2097	862	0	492
33472656	0.00540526556264	3051	1400	0	1143
33549238	0.0580994108839	2859	1418	0	525
33604524	0.0454307443096	520	232	0	115
33607698	0.0258150445768	1375	546	0	99
33660479	0.0389722588969	1687	998	0	75
33662040	0.0158187574963	881	355	0	124
33792234	0.0399072907632	2826	1234	0	983
33836835	0.00597962018886	318	151	0	76
33842451	0.0713439997001	2901	2071	0	337
33873705	0.006765004519	1381	577	0	776
33950479	0.0109411286037	1941	395	0	731
33963254	0.00549106759812	2176	544	0	560
33979571	0.00722869340602	1876	461	0	488
33980119	0.0173946085705	1960	945	0	379
33980577	0.0162821006199	3112	439	0	590
34016459	0.0051364400951	2655	555	0	711
34091508	0.041653190902	1014	620	0	171
34122137	0.072444723679	2218	630	0	284
34166835	0.0117957698676	1300	830	0	238
34301461	0.0113631044663	941	210	0	197
34385986	0.00973738658928	1991	780	0	306
34479201	0.0114995759622	766	267	0	216
34503844	0.0208258186144	2362	1834	0	219
34507900	0.0234017078829	2229	566	0	305
34547719	0.241183045625	1918	1902	0	2
34607436	0.0296185296383	2046	1756	0	34
34633280	0.0737634212599	2364	2057	0	1
34679314	0.0122128711296	2294	655	0	1271
34686300	0.00887221482887	3067	466	0	422
34739803	0.0103834708244	1517	578	0	753
34767412	0.0135822545765	2537	1210	0	938
34841282	0.0511848734129	827	729	0	55
34942644	0.0120823472771	2506	746	0	979
35130029	0.0270942958354	2728	829	0	629
35295296	0.0375250981652	3137	883	0	1228
35353520	0.0115097718053	1986	1082	0	711
35482440	0.0256877204561	2723	756	0	1124
35920861	0.0376460026715	2170	1583	0	1521
35995502	0.0171128998845	2960	2069	0	701
36006693	0.013954310885	3031	1009	0	1314
36053736	0.0223680651524	2822	2373	0	816
36100661	0.0128281046597	330	113	0	101
36181456	0.011812337832	1104	286	0	1183
36225313	0.0136159222502	2838	1809	0	406
36230116	0.00817954795812	2673	1229	0	2053
36247432	0.10849342314	3117	2573	0	347
36309110	0.00982357708903	2111	131	0	2478
36490753	0.0287295911795	2879	1176	0	399
36570546	0.0119614691507	3134	1021	0	2030
36646736	0.0647579458654	2460	1222	0	562
36669295	0.0566511697005	2513	701	0	1356
36826949	0.0389599206651	2013	1421	0	239
36834155	0.0278798896904	2274	1105	0	1721
36945251	0.0101134379195	2868	1608	0	1230
37005199	0.0221102346851	2267	574	0	1022
37292899	0.00778670851149	2225	281	0	150
37339786	0.0272477819638	708	192	0	75
37424923	0.0102932475755	2599	1025	0	2545
37506287	0.0185833359229	3097	1557	0	428
37581950	0.0257330145703	2913	1410	0	280
37582767	0.0108093217107	1450	674	0	1526
37626250	0.0256727705674	2253	1155	0	678
37683965	0.00838947926059	2833	1486	0	1193
37736075	0.0612261261446	3125	1952	0	577
37757695	0.0241370190744	2018	725	0	506
37791754	0.00899295731693	2839	1342	0	1517
37847991	0.0277043533396	1460	461	0	566
37917349	0.00676152248978	2815	1813	0	777
38039586	0.00915511635635	2933	1385	0	1700
38044676	0.0204071491249	2782	609	0	374
38072780	0.0073508117677	3079	1088	0	157
38277093	0.0103869611936	2481	1268	0	908
38304280	0.024470606055	3097	848	0	638
38382955	0.0320574475863	3049	695	0	310
38383860	0.00771336386551	1770	247	0	287
38558447	0.00696062115516	2408	1503	0	1583
38589688	0.0230131575822	3130	1105	0	839
38903572	0.0451703904647	1529	1141	0	459
39209051	0.0092634871703	3036	646	0	177
39278843	0.0158386070917	1632	202	0	609
39278893	0.0165663845959	3077	995	0	2180
39356540	0.0112918580958	2951	924	0	1261
39419653	0.0253640221558	2834	849	0	763
39420254	0.0131529829383	1868	1356	0	1314
39423255	0.0243114369967	1774	529	0	253
39467451	0.0230842809833	2867	1454	0	485
39496943	0.0122359701449	2550	1296	0	899
39580347	0.0377284989856	2436	1505	0	1509
39599627	0.0476414721787	2850	1650	0	506
39656200	0.00537413762482	2905	1871	0	1041
39661451	0.0166586126628	920	470	0	645
39681387	0.0408196947679	2902	1023	0	820
39836223	0.0311476137709	2475	1736	0	408
39905978	0.013712810597	2805	996	0	401
39955765	0.00510597333634	3020	808	0	580
40002696	0.0168562579997	2138	823	0	1287
40086241	0.0215262710074	2945	563	0	405
40206304	0.0119117963327	2031	929	0	2199
40357380	0.0102435807211	2306	1437	0	1114
40390993	0.0411777655683	1986	859	0	201
40394584	0.00885701394901	1682	960	0	560
40401469	0.01480854788	473	93	0	107
40631759	0.00746808005079	2645	1392	0	1194
40719713	0.0260668994976	901	642	0	121
40761898	0.0358264502946	1584	686	0	306
40797843	0.00711447007393	2108	1125	0	1155
40799562	0.0094327596436	1533	1252	0	199
40817446	0.0186570902659	1299	834	0	253
40863381	0.120208091308	1986	1304	0	255
40872409	0.0445303148013	369	44	0	29
41059185	0.00719033559693	2785	651	0	377
41234221	0.0720522610806	1428	277	0	114
41369699	0.0140443076348	3134	1807	0	496
41396697	0.0116280630255	1234	574	0	830
41657821	0.0102952765764	1067	419	0	211
41754607	0.00562289151568	2804	1561	0	1305
41784098	0.0295459812945	3004	1052	0	510
41825510	0.0114048197068	1457	451	0	325
41875809	0.00670116649678	2353	1101	0	1037
41898972	0.0157136115185	2867	1550	0	388
41967707	0.0382604219408	1716	1043	0	495
42037838	0.0629762604042	2939	1574	0	69
42158011	0.0569217822031	2223	1253	0	153
42331373	0.0177114435967	2965	339	0	636
42386837	0.0366176484986	1309	414	0	574
42482888	0.0279400328628	2977	962	0	553
42486446	0.0425319274441	2989	919	0	441
42493016	0.0224033106583	2500	1486	0	75
42577751	0.0065670080979	3000	1806	0	2443
42698117	0.0256237202005	1908	304	0	226
42836778	0.00454259211239	2335	1585	0	263
42866924	0.0571073987378	2398	1949	0	30
42870865	0.0192888676684	1218	882	0	137
42991860	0.0354364724708	2829	1965	0	562
43008912	0.00274903071325	2879	987	0	194
43064317	0.00389572122294	1895	417	0	437
43071869	0.00889671112604	2753	1434	0	717
43169079	0.0188379513035	2136	707	0	38
43215463	0.0223173763926	1903	1031	0	347
43314219	0.0119984246511	2742	918	0	1217
43329179	0.0639655319037	2408	1476	0	1058
43472138	0.0124918858779	2003	835	0	416
43479178	0.0136530098043	2242	2177	0	634
43491523	0.0199948915475	2197	791	0	873
43496567	0.0133394187041	2970	657	0	304
43757836	0.0392295133442	1359	418	0	84
43848378	0.0641345941549	1702	1578	0	337
43848728	0.0149761960131	3056	1406	0	398
43852501	0.0627590477683	2977	1203	0	1305
43913887	0.0308021837061	1460	337	0	394
44067224	0.0554014056616	401	29	0	18
44086632	0.0232415940845	2797	688	0	296
44163280	0.00609643218735	774	301	0	355
44265678	0.0184168178003	2495	2437	0	761
44325779	0.00980667905079	2348	807	0	351
44337402	0.0172562466116	1233	217	0	25
44365291	0.0138387206172	2843	1833	0	474
44382559	0.0231272872902	2332	1478	0	1183
44415297	0.00644029964762	2837	1123	0	566
44457821	0.0180240657252	1824	800	0	185
44503983	0.012551234198	2024	1132	0	431
44641439	0.0420804302704	1753	563	0	576
44662993	0.00609247245231	867	213	0	440
44681253	0.0989060867984	1611	665	0	62
44697048	0.0260940162252	3113	2533	0	1077
44697971	0.0418285005136	2071	1484	0	2973
44778322	0.00703044544242	2272	1412	0	372
44798027	0.012645844655	2740	831	0	1593
44958305	0.0191243180908	1046	254	0	27
44964452	0.0199704094205	1524	504	0	282
44988339	0.00952083829701	2583	540	0	552
45122528	0.0948592074662	1005	555	0	61
45137569	0.0572910679012	1505	411	0	256
45152811	0.0497488499533	2730	1998	0	680
45302221	0.0160865765325	598	164	0	234
45461709	0.0093662134485	2340	821	0	154
45525406	0.0316762612626	2839	1077	0	812
45766055	0.00843789808097	2171	840	0	561
45790313	0.153759810527	2563	2420	0	6
46106353	0.00224411814841	2527	877	0	104
46147161	0.0132092513908	928	558	0	348
46196044	0.00898561714862	2590	1117	0	1405
46257724	0.00878562590542	3141	797	0	528
46290631	0.0242486431737	3164	2848	0	702
46301002	0.0473922193879	1072	443	0	245
46340035	0.00708955773635	2823	1704	0	327
46414897	0.0563259623264	1964	721	0	219
46508878	0.106001180564	2338	2129	0	1409
46821691	0.0560031495971	2656	2486	0	1095
46923743	0.0945364781746	2667	2337	0	146
46954001	0.00702966971997	2158	773	0	276
46991236	0.0188269605599	850	301	0	257
47052169	0.00354737393862	3013	1216	0	535
47091719	0.0307428824708	2800	2005	0	2292
47213290	0.0122909470027	3167	870	0	542
47406869	0.00744727089573	1588	365	0	373
47414308	0.074166924595	500	10	0	20
47637937	0.0118274031773	2716	1977	0	385
47775245	0.0101250403669	3107	725	0	222
47791735	0.00471820820608	3021	937	0	363
47860682	0.121956405828	2073	2020	0	2632
47871533	0.0062658541327	2891	1161	0	864
47878332	0.0155958731805	1869	696	0	294
48063605	0.0197585662796	2758	548	0	35
48280375	0.0325037710054	3085	469	0	148
48329145	0.0066650582587	2379	1086	0	506
48447555	0.0351189957539	2849	2258	0	299
48575278	0.00999393322126	3118	1198	0	2675
49113254	0.0303010047722	2085	1228	0	518
49194062	0.0415116813489	2300	912	0	165
49518326	0.111395502001	2633	2157	0	98
49679729	0.0135551542029	2847	738	0	360
49762392	0.00207210234062	1580	937	0	86
49824999	0.0618575921787	1969	1297	0	719
49831212	0.0150504440624	2919	2086	0	377
50025309	0.00750604839246	2762	471	0	956
50256956	0.0326746655073	3042	2280	0	2378
50517128	0.00772080721995	1130	291	0	699
50548378	0.0120917577593	2902	1672	0	1764
50689856	0.00545362797447	1994	763	0	1053
50771293	0.0245901028975	1812	441	0	146
50827654	0.0437315184456	2617	441	0	1056
50911313	0.0180389065794	2332	1615	0	232
50958567	0.0152040934194	2896	1339	0	1411
50960532	0.0174511685897	2765	2272	0	328
50990523	0.127503664239	2244	1790	0	415
51084226	0.0570470189281	2497	1704	0	361
51137171	0.0178788560106	2954	1536	0	756
51331674	0.0117977482878	2429	758	0	58
51747484	0.0204217043079	2712	1768	0	1286
52481271	0.00905055793349	1419	377	0	445
52740039	0.0664840605712	2938	2425	0	34
52927291	0.0285229587491	3104	575	0	397
52940205	0.0213527570998	2588	1212	0	1047
52963282	0.0413191520067	2714	516	0	437
53291871	0.0573201914194	1099	696	0	539
53416764	0.0723563606254	588	297	0	15
53608103	0.0403611425476	3018	953	0	1730
53675771	0.0452831675361	2267	1272	0	1075
53707907	0.0185261129497	3041	1160	0	531
53911301	0.0254073727546	2377	1745	0	301
54190767	0.0181415129781	2702	1012	0	405
54837001	0.0669710424271	2257	808	0	430
54976200	0.0136824307706	1020	261	0	209
54997986	0.0409723992003	1587	678	0	383
55118105	0.0524501889346	960	657	0	295
55173205	0.0224102639002	2989	1928	0	170
55215413	0.00747225181342	2615	1497	0	441
55233172	0.0509672244042	974	817	0	170
55488921	0.00517747132835	3008	472	0	1066
55500411	0.0415206111132	3083	1083	0	1468
55778958	0.0175609336202	1692	896	0	194
55849164	0.00668088660556	2725	579	0	525
55869041	0.0705402155864	683	383	0	6
56398657	0.0141260298901	1408	191	0	35
56569842	0.023212409436	1179	396	0	37
56840421	0.0276181566436	719	276	0	178
57072038	0.0263391636164	901	351	0	43
57148195	0.029217568361	1636	931	0	234
57237861	0.0129070116882	2196	551	0	392
57257518	0.00692325605662	2860	588	0	90
57403590	0.0647515384795	1479	854	0	98
57416192	0.0733865742756	2978	1449	0	10
57648795	0.0373382488159	2790	994	0	921
57717325	0.0155068975284	1110	506	0	522
57854825	0.0205629110898	2933	1107	0	141
57915272	0.024737778515	2925	1514	0	142
58042957	0.081276076883	2634	1487	0	785
58049666	0.0076213782884	1975	905	0	1297
58133688	0.00935178855296	2956	1193	0	243
58376649	0.0299150368469	1816	1627	0	399
58390436	0.0202622115001	1367	709	0	155
58424551	0.0160801178108	2866	1076	0	161
58713095	0.0289544291068	1370	408	0	177
58729934	0.00666153088697	2401	1484	0	980
59008111	0.00765541578132	2529	1032	0	633
59157293	0.0274182887717	2903	927	0	1057
59343689	0.0149850532045	3152	2116	0	650
59434762	0.0128757399162	3074	1089	0	207
59472210	0.0132936433298	3044	2125	0	674
59475650	0.179313891421	456	447	0	1013
59566474	0.0136035636039	2821	1509	0	761
59760315	0.018379228711	2855	1735	0	965
59822347	0.0130684665687	2981	1569	0	309
59827859	0.0123730072012	3136	1233	0	302
59843541	0.017562019515	2950	2077	0	615
60265271	0.0309814606875	1116	202	0	206
60364559	0.0151103003507	2076	257	0	446
60725870	0.0271194577857	2162	1384	0	334
60881698	0.0184922233401	3034	1325	0	594
60920829	0.00416797903604	2959	297	0	41
61245536	0.0271621384367	2486	354	0	35
61411402	0.230395143606	1375	1253	0	54
61438636	0.00557356537926	2703	1338	0	504
61444274	0.0107206032163	1617	1281	0	248
61465268	0.0127827456014	2554	861	0	166
61787925	0.0200272342494	3046	1910	0	298
62041930	0.0274815286979	1158	343	0	563
62177528	0.023215631492	3067	1457	0	495
62238048	0.00965273403533	3015	1639	0	432
62358436	0.0141842582695	1110	545	0	12
62607630	0.0408168315624	1580	501	0	648
62695557	0.00849270601573	2752	1661	0	390
62777902	0.0114266249476	2678	616	0	825
62807455	0.0105721870161	617	134	0	254
62836936	0.024186469595	1568	709	0	322
62866827	0.00621744882951	2989	1867	0	324
62889937	0.0482372886939	2025	1974	0	6
63023937	0.0310071032761	1150	506	0	489
63027576	0.0159281473962	2561	1149	0	310
63088962	0.0705666970908	2622	1716	0	1274
63430712	0.027785129365	582	290	0	294
63459197	0.0273190080459	2626	1300	0	115
63722231	0.00530383863682	1891	288	0	281
63942038	0.0239891647135	2824	1727	0	957
64249659	0.00843454563101	2549	621	0	380
64372692	0.0211254622143	2955	1604	0	540
64585147	0.0461365935549	1498	491	0	31
64679638	0.0195339957104	1206	284	0	53
64736409	0.00715474490541	1641	596	0	1034
64907465	0.101709100634	1238	988	0	34
64999443	0.0270463496138	2241	1501	0	129
65040367	0.124366217474	2899	1495	0	82
65373171	0.0303770632035	3143	1875	0	229
65392360	0.0133772750966	2817	1083	0	268
65939137	0.00459349852208	2741	1917	0	252
66165922	0.0175474603706	2958	712	0	1494
66216534	0.0295465558483	3118	1321	0	767
66379938	0.0140051499607	3123	1575	0	951
66484888	0.0125066816042	1252	1081	0	568
67151012	0.0275566470514	1558	584	0	692
67253659	0.0104922424993	2925	1125	0	250
67259735	0.0108055802472	2147	633	0	299
67351231	0.0143910636052	1253	591	0	1265
67544217	0.0665166779401	714	180	0	10
67558537	0.0128245757232	2912	768	0	790
67588820	0.00340441202217	3066	814	0	70
68151648	0.0253218374143	2537	1338	0	101
68399495	0.0155842991682	1496	774	0	170
68693255	0.0107912890005	2342	254	0	416
68697766	0.0496496383121	2389	1533	0	619
68743033	0.00920077956951	2616	1711	0	378
68831933	0.00515076125229	2215	896	0	522
68972744	0.017892116962	1461	773	0	290
69564736	0.00532131074517	1086	150	0	95
69682524	0.0175954964842	1357	436	0	952
69750573	0.0232277309389	2849	1214	0	1762
69770326	0.0381884054353	1968	436	0	405
69868178	0.0119658504956	2575	1235	0	1002
70010370	0.0405566361023	2547	808	0	395
70338949	0.0198066852707	233	38	0	3
70603123	0.00976002560937	2859	991	0	1173
70887016	0.0309407254407	1703	463	0	154
70924441	0.0130967349061	1885	1267	0	380
70931634	0.0415935419204	537	535	0	1
70982211	0.0201608272976	3189	1538	0	262
71015835	0.00563444885387	2948	1032	0	1250
71191307	0.0470609161171	3067	1769	0	73
71196740	0.044831044723	2237	616	0	340
71439089	0.0094662983567	2725	1554	0	271
71592174	0.0362240993453	2645	1246	0	427
71833314	0.0240198098684	2973	1802	0	1487
72107580	0.0500075355701	2798	2666	0	259
72133612	0.00521222562036	1620	542	0	540
72511082	0.0177588791609	3150	1056	0	265
72741590	0.00649583530818	2189	284	0	407
72982152	0.0270170473787	904	140	0	237
73117040	0.02168522948	1830	710	0	486
73155522	0.00418266292384	1817	374	0	324
73343912	0.0170879275849	2967	1577	0	867
73387078	0.0214377259564	1755	943	0	92
73715598	0.0175119164048	3072	1624	0	1670
73753168	0.042991084686	218	64	0	17
73883314	0.0201294433786	3118	746	0	245
74338936	0.00622088814622	2417	1644	0	1064
74660202	0.0116769511389	295	109	0	71
74793864	0.0119073121286	2483	842	0	789
74891064	0.0111399972229	3014	1131	0	525
74922013	0.00798439461334	2952	567	0	239
75014456	0.00910842463952	2375	262	0	80
75230216	0.011985539333	2925	551	0	272
75580389	0.00929763617085	2873	1359	0	315
75586815	0.0258714232047	2788	2459	0	790
75771482	0.0549607933351	2748	826	0	841
75923281	0.0679052669743	3084	1442	0	192
75986937	0.0202646701116	2505	959	0	39
76244848	0.0254714507208	802	159	0	35
76344921	0.015947648062	1605	1088	0	200
76492543	0.0161004485995	2382	1437	0	247
76521990	0.0277100383174	2691	1785	0	324
76706375	0.00379440640259	1934	615	0	268
77283619	0.00774386922273	1747	1113	0	380
77913714	0.0117167994106	2752	829	0	222
78078516	0.0263434035657	1501	607	0	85
78247357	0.00581006935599	1901	593	0	601
78340568	0.0209438038654	2579	1103	0	1330
78701740	0.0102591241495	2872	1108	0	749
78908728	0.0138638097201	3115	1842	0	162
78937403	0.0345653486754	1276	715	0	37
78948600	0.00621917904633	2095	713	0	1169
79063517	0.00672632261987	3049	804	0	295
79173713	0.0190903822379	3171	1331	0	187
79212433	0.0308552110641	453	333	0	35
79320263	0.0413961063576	2893	1695	0	2142
79329477	0.0233688824246	1885	1204	0	596
79547763	0.00737548375276	708	347	0	282
79640251	7.90354579298e-05	552	63	0	11
79766063	0.0489741452425	1496	598	0	156
79809974	0.0197627810742	1838	647	0	127
80054504	0.0133341071836	3188	846	0	347
80061612	0.0028513348704	2107	377	0	557
80183207	0.00347211523752	3158	1440	0	260
80496310	0.0117252313877	3040	1903	0	504
80625316	0.0145825433558	2988	1331	0	2394
80692154	0.00827229102933	2252	1285	0	1231
80898006	0.103194174338	3130	2671	0	322
81088544	0.0211606330859	3122	1995	0	567
81307630	0.0145573922041	2601	1106	0	238
81919736	0.018386094766	2550	2224	0	998
82580055	0.00386918863215	2883	1739	0	150
82681394	0.033126276562	2977	1205	0	649
82759121	0.008705430286	1448	567	0	118
82782165	0.0221246773291	3136	1469	0	137
83104302	0.0180987791838	3048	1760	0	278
83288892	0.00571505649947	2935	535	0	326
83355074	0.033401428972	1498	887	0	3132
83632732	0.00744782386202	3034	708	0	1855
83856685	0.0249601506573	3121	1572	0	203
83880977	0.00749065537542	2621	779	0	463
83963349	0.0252507907291	1966	735	0	1958
84471004	0.0077830304813	3072	2189	0	1844
84499168	0.00712893170876	2139	691	0	767
84537718	0.00587070631967	2345	111	0	295
84559806	0.039570044016	658	525	0	66
85002019	0.0268728249646	336	102	0	162
85065234	0.0215185839284	2971	1799	0	544
85822128	0.00988740792103	2931	1275	0	368
85845596	0.00793352820253	2359	1317	0	935
86777096	0.0416206322209	2472	2004	0	662
87226871	0.0507246069834	2403	831	0	775
87452723	0.0602035550044	2523	2435	0	225
87487697	0.0243215322885	1947	599	0	495
87548291	0.140550321618	1320	1107	0	167
87602857	0.0076932944055	2605	1396	0	426
88104034	0.0685102018404	884	334	0	719
88223074	0.0145221654422	735	114	0	83
88259371	0.0117059014636	3028	1140	0	304
88271581	0.0381220192079	1878	1464	0	1753
88634327	0.0112717162498	2989	1295	0	354
88665511	0.0141926610731	2767	1839	0	443
88667709	0.0217032247102	2638	2207	0	2288
88846686	0.00579671295945	2688	1200	0	781
89495381	0.0464690172895	3110	2080	0	11
89970721	0.0553874073038	2993	2893	0	707
90373198	0.0132843675336	3019	912	0	900
90880528	0.0145452299223	1719	540	0	1202
91243935	0.00920436028698	549	44	0	136
91280159	0.042932504805	2140	445	0	4
91390346	0.00745097420275	2624	794	0	524
91559535	0.00743635129429	2919	1557	0	996
91727434	0.00826322856317	2837	599	0	436
91838091	0.0303885744485	2755	911	0	534
91922460	0.0223706125884	1561	734	0	98
92729850	0.012804747556	3126	685	0	624
92989140	0.0494002359824	2146	925	0	865
93884713	0.0111236906293	2932	854	0	565
93949498	0.0429496281977	1743	1031	0	1294
94014122	0.00579955875049	1661	321	0	109
94019697	0.0153854809609	2158	1346	0	171
94266033	0.0363663985565	1875	650	0	127
94831900	0.0259376224805	2303	1345	0	162
95746307	0.0266810511219	1582	674	0	302
95912884	0.0259604763859	915	534	0	1157
96031332	0.00806575425674	3126	1010	0	498
96162322	0.00715686682694	3056	1603	0	561
96167276	0.0110280645856	2594	960	0	417
96453575	0.0134440621946	3148	1222	0	196
96513720	0.00642372342107	2959	824	0	67
96545290	0.0225428030223	2096	771	0	232
96766847	0.0122250556261	2908	1988	0	680
96928939	0.040340434285	837	452	0	297
96940707	0.00733858656412	3082	1526	0	637
96969818	0.0317227051915	1293	484	0	58
97042802	0.0386661609619	1963	318	0	609
97176231	0.005128526176	2803	1239	0	2497
97230083	0.0099832745987	2535	1252	0	168
97346660	0.0174522303406	3075	1633	0	648
97567452	0.0121253286414	2468	1651	0	440
97725494	0.0112547877121	1877	956	0	427
97758056	0.0418751456329	2748	1104	0	215
98009967	0.0101992404418	666	89	0	57
98070483	0.0231664646812	2732	882	0	162
98338061	0.0141544480103	2745	1139	0	417
98402910	0.0278275365675	408	112	0	55
98546683	0.0112618403064	2687	1130	0	687
98796890	0.0101712641397	3031	1150	0	1269
98903069	0.0351878813482	2890	955	0	961
98986455	0.0120629818784	2848	1149	0	688
99010594	0.0131833165779	1454	905	0	234
99375768	0.0944062663754	2880	1886	0	7
99563653	0.0133247748409	1651	455	0	514
99702943	0.0113412494896	2606	571	0	433
99814328	0.0270264007571	2705	916	0	4133
99838480	0.00539176353919	2985	464	0	483
100269119	0.0958180738765	1559	866	0	89
101075963	0.0106066239604	2883	655	0	1842
101171430	0.00439308955751	3062	977	0	259
101277949	0.0259258255448	2768	1701	0	547
101517782	0.0133809066015	2781	855	0	225
102292896	0.00824118235207	2649	531	0	68
102503301	0.0396911156865	1406	672	0	314
102726447	0.048582395617	913	583	0	53
102774892	0.0273992422152	2895	1789	0	414
103090275	0.017157023922	2975	2022	0	732
103542698	0.0270186046141	2030	1625	0	881
103645711	0.0331015159688	2126	735	0	607
104039768	0.0145546986577	2234	810	0	979
104077681	0.175535424627	2236	2235	0	1390
104204377	0.0095827284122	1664	395	0	1194
104539552	0.0827952012495	2740	1891	0	753
104549656	0.012906597765	1026	216	0	322
106267790	0.0110106798323	3075	2022	0	277
106631177	0.00813291231862	2371	1006	0	1524
106631978	0	0	0	0	0
107296266	0.011758962705	2952	369	0	647
107299913	0.030489226925	2282	1463	0	282
108338186	0.0275800411508	2617	814	0	437
108516720	0.0428896476398	1442	518	0	17
108647266	0.00613563889987	2747	777	0	973
108918167	0.045947968999	1478	679	0	140
109087434	0.00975031704447	1037	459	0	737
109094774	0.0484542525203	2139	1442	0	258
109124705	0.0538675727329	1194	373	0	293
109468483	0.00192609409996	3126	1014	0	155
109632469	0.02493443403	588	128	0	64
109652113	0.057864053021	703	182	0	338
109706671	0.033076257791	1495	512	0	595
110261532	0.0589213873092	2163	1112	0	128
110325571	0.00981054002368	1104	326	0	1344
110537461	0.0400470041462	3080	1010	0	975
110575701	0.00493797546179	2811	1206	0	588
110605798	0.0169220244646	1241	843	0	126
110905886	0.00754675590119	860	161	0	203
110954187	0.0159529818681	3103	1117	0	76
111182924	0.0401020041343	1982	1823	0	1459
111312520	0.0431288320176	3182	1000	0	37
111574280	0.0612390670648	2244	1943	0	1205
111575853	0.0140397686849	1480	368	0	483
112180953	0.0283311732006	2950	1736	0	950
112182892	0.0157551641978	598	228	0	120
112210929	0.0342871785209	2555	1845	0	651
112733590	0.021351399942	1916	545	0	358
113347285	0.0111731852749	2881	353	0	251
113396907	0.00772070162547	2203	640	0	1788
113622896	0.00392041939538	2900	922	0	154
114177854	0.0154328948083	976	808	0	142
114473088	0.0133460716073	2901	868	0	715
114638268	0.0150328520426	2998	1368	0	160
114746629	0.0665786048807	2361	1601	0	614
115176197	0.0173481715598	2665	1739	0	4147
115323499	0.0280141530967	1257	289	0	181
116355106	0.0121140849737	2565	1685	0	684
117300217	0.0251506352198	1378	281	0	15
117535970	0.0112567142508	1427	1039	0	713
117615437	0.225492482918	2447	2441	0	156
118324296	0.0188406316417	2924	1428	0	1589
118367208	0.046252389992	3068	898	0	1581
118443655	0.0100937064284	3108	387	0	386
119124779	0.0130426416398	397	129	0	112
119461073	0.00661311063631	3066	789	0	619
119557246	0.00903632064743	3074	1507	0	8
119808124	0.0599170069846	3156	1092	0	1263
120521974	0.0298085063	2580	1019	0	2258
120599683	0.0446708845485	2627	1631	0	25
120816085	0.0314079937594	2037	841	0	293
121318260	0.0222368337102	1564	1025	0	160
121375698	0.0649556029057	3089	1427	0	1345
121409963	0.0413758419903	2188	2166	0	1481
121569445	0.0127883665495	2333	884	0	242
121639677	0.00942622826196	2654	587	0	106
122229588	0.00627469072561	2732	709	0	827
122391736	0.0314651181994	407	85	0	139
122447399	0.00422069875949	2271	534	0	138
123103861	0.0393926533253	1585	1033	0	1694
123450828	0.0248429233705	735	160	0	53
123648144	0.0102953193693	3011	959	0	655
124937415	0.0774562854618	1388	362	0	175
125798159	0.0511507771668	2971	466	0	239
126120815	0.0185543010759	1199	624	0	633
126204700	0.0046136894579	2049	775	0	83
126392395	0.0211940045295	790	153	0	55
126465458	0.019634305527	3001	1692	0	1541
126642817	0.00706193899145	1218	395	0	335
126686350	0.0349274942978	1968	1046	0	1538
127554142	0.0618948335272	2098	2008	0	46
127556981	0.0125231188513	2640	1073	0	175
128599519	0.0140269556543	3130	1891	0	630
129618339	0.053193703009	2779	1761	0	1649
130198064	0.063647831532	3017	2786	0	4031
130322072	0.0272060389651	2705	1817	0	1127
130423739	0.0181985224524	2910	1026	0	519
130629351	0.00958624455767	2372	934	0	1738
130682766	0.111394681932	707	17	0	40
130940288	0.0418597447855	3130	658	0	760
131368951	0.00901535014476	2886	1224	0	1594
131460648	0.0123514077432	2063	863	0	741
131649484	0.0224018778197	1847	334	0	452
131989014	0.0479652353495	1825	832	0	242
132317180	0.0350676416201	1559	1447	0	515
132508613	0.00462285027831	2646	872	0	188
132536642	0.0125850319355	2163	1038	0	618
133225858	0.00887667787169	3105	1466	0	290
134278139	0.0214969935047	2214	747	0	461
134356875	0.0120394686033	1959	403	0	1
134521144	0.0349642589661	2827	2683	0	1602
134562767	0.0014108399572	2627	1038	0	297
134700541	0.0220491587696	2677	885	0	339
134903775	0.0261414544691	1467	986	0	363
135139248	0.0455646226017	608	382	0	34
135417691	0.0104119889249	3027	1269	0	113
135516180	0.0107903902702	3043	833	0	509
135554457	0.0153425176164	795	432	0	51
135663413	0.0177087604375	2165	538	0	738
136281631	0.0393474189315	2417	1714	0	2549
137119893	0.0163759887383	1660	628	0	728
137977245	0.00444459003872	2421	284	0	17
138247551	0.0168678011248	3106	1113	0	163
138925909	0.0264805984166	2562	1500	0	370
139074155	0.0145708159389	1794	608	0	79
139238056	0.0553910181349	2501	1491	0	229
140041648	0.0262508424907	2835	1186	0	243
140438543	0.0141885008859	35	8	0	1
140882928	0.0485436530631	2803	1311	0	1009
140994663	0	0	0	0	0
141921386	0.00460630809075	3084	1092	0	196
142554056	0.0172354676258	3030	1321	0	83
142572604	0.00814919180818	2299	1243	0	1588
142641077	0.0204193657425	1054	389	0	94
143027480	0.00821642407364	445	44	0	101
143494821	0.00713083410231	2549	1212	0	426
144883991	0.00408711129472	1479	586	0	50
144962346	0.093721234404	1864	1673	0	256
146304155	0.0105069723038	1983	596	0	608
146505968	0.0247808152766	1376	236	0	67
146666568	0.0293915643767	1309	808	0	161
147309949	0.01900901326	1982	345	0	609
147635896	0.0090800139465	1002	86	0	295
148258612	0.0119543359917	2184	1856	0	667
148540433	0.0179940530558	1339	355	0	501
148770143	0.0124256358353	2711	1079	0	1397
148949255	0.027332076786	568	93	0	207
149217525	0.00938828423657	2110	923	0	860
150481499	0.0129374865987	3007	2032	0	610
150605017	0.0123986332158	3133	391	0	199
151709777	0.0165192626606	3027	871	0	148
152471353	0.00972316763521	2889	619	0	701
153496161	0.00766184138412	1898	653	0	526
153724305	0.0199167222786	3148	2445	0	198
154438925	0.0236284416761	1271	781	0	194
154557103	0.0089863627966	1828	1124	0	452
155301703	0.00690548683916	3003	1036	0	637
155327544	0.00968964721351	2569	2043	0	3265
155386627	0.0289328196949	2465	1465	0	1390
156129758	0.0142889414449	3053	1972	0	921
157401723	0.0431718290242	1477	513	0	161
157559377	0.00569330865228	1818	1131	0	806
157743365	0.0117416566854	2388	572	0	254
158655483	0.0597015304342	2454	1009	0	1777
159027114	0.0769934525836	1919	1809	0	163
159724564	0.00883298114164	2628	573	0	426
160274955	0.0506436210383	1770	128	0	94
160437303	0.00486762395863	2377	1128	0	1244
160628503	0.00966750472684	2204	1009	0	2597
160831680	0.0576512562177	2759	1749	0	687
161668416	0.0149594817686	2871	1302	0	1029
162476890	0.0284707244693	563	227	0	407
163001337	0.0136868787446	1056	195	0	285
163204365	0.00924608484541	966	251	0	459
163717857	0.0410063114517	2676	2138	0	730
167371196	0.0221778060113	2712	1396	0	170
168035495	0.0191535083772	664	411	0	12
168629999	0.0425246714722	2380	1207	0	1912
168801128	0.00368753971465	2567	2282	0	1527
168815152	0.0100298453814	1205	714	0	242
171500523	0.0200872277113	1794	484	0	476
171801534	0.0046342213328	2154	1018	0	706
172430377	0.131018409797	840	684	0	374
174626081	0.0118092009254	3078	487	0	548
175079931	0.0592315235609	1036	567	0	505
175536709	0.0113431037907	1760	325	0	814
175672630	0.0104607994387	2544	1764	0	1392
176490337	0.015089811373	2324	2126	0	1835
178678286	0.00886827543679	1884	146	0	74
179011597	0.0119953485597	3050	515	0	128
181174923	0.0188662145327	1423	679	0	154
183544716	0.00564852700082	2920	916	0	457
185762077	0.021721806233	2218	620	0	1062
185925039	0.0133142051392	1288	254	0	43
186098074	0.0107970833681	2961	1423	0	216
186666771	0.00501858896608	3123	871	0	1010
190555766	0.0109846060432	3120	1594	0	1262
191281767	0.0336387917666	2642	2028	0	1323
192536419	0.0555929540529	1921	502	0	714
193131357	0.071629162874	1455	1074	0	236
194606510	0.00898985453806	2257	1218	0	1103
195765532	0.0107521371293	2894	920	0	347
195892429	0.0222033157385	1172	615	0	433
196352650	0.0160700993458	2501	2058	0	202
199137542	0.017292337265	1317	465	0	183
203992376	0.0981651288048	1581	998	0	229
218552666	0.00739895367526	2060	564	0	769
218655174	0.180477912884	802	524	0	7
220198517	0.0622854878444	2285	2091	0	563
226255674	0.0043102971301	843	681	0	166
226370322	0.018493203541	2580	1025	0	530
236159998	0.0052988700217	1150	267	0	241
236432535	0.0141838497778	2975	1985	0	2223
240935614	0.0454308228463	915	683	0	291
247825024	0.00987685461074	473	277	0	107
248233587	0.0739942211362	1242	554	0	7
248392593	0.0523318407858	1998	1514	0	342
248738880	0.0100995604076	2336	1885	0	1160
267579433	0.0151448995713	1645	476	0	369
275180055	0.0165259904388	1097	928	0	31
298293085	0.00662143752972	1962	1260	0	721
342987327	0.0154104295296	3005	1274	0	821
375811499	0.121927495001	155	152	0	31
380579901	0.0192069288791	2614	1924	0	204
451551295	0.0621304117741	533	500	0	91
451551295	0.0621304117741	533	500	0	91
469627023	0.010437012122	1789	805	0	837
471265814	0.153926507175	2084	2074	0	438
471265814	0.153926507175	2084	2074	0	438
